,A8m,A8dl,A9l,A6dl,A6m,A9m,A10m,A9/46d,IFJ,A46,A9/46v,A8vl,A6vl,A10l,A44d,IFS,A45c,A45r,A44op,A44v,A14m,A12/47o,A11l,A11m,A13,A12/47l,A32p,A32sg,A24cd,A24rv,A4hf,A6cdl,A4ul,A4t,A4tl,A6cvl,A1/2/3ll,A4ll,A1/2/3ulhf,A1/2/3tonIa,A2,A1/2/3tru,A7r,A7c,A5l,A7pc,A7ip,A39c,A39rd,A40rd,A40c,A39rv,A40rv,A7m,A5m,dmPOS,A31,A23d,A23c,A23v,cLinG,rCunG,cCunG,rLinG,vmPOS,mOccG,V5/MT+,OPC,iOccG,msOccG,lsOccG,G,vIa,dIa,vId/vIg,dIg,dId,A38m,A41/42,TE1.0 and TE1.2,A22c,A38l,A22r,A21c,A21r,A37dl,aSTS,A20iv,A37elv,A20r,A20il,A37vl,A20cl,A20cv,A20rv,A37mv,A37lv,A35/36r,A35/36c,lateral PPHC,A28/34,TH,TI,rpSTS,cpSTS
ACAd,0.691649097868668,0.6641579811526163,0.685080050461515,0.5032522803408584,0.5822970010453671,0.851316971305478,0.8878696087903919,0.6803068984250777,0.42390465361047025,0.5710576628673734,0.5367464761624244,0.569759345288753,0.46282852966807325,0.5086172066597011,0.4337613963071695,0.42647550183520083,0.40668346962101576,0.43464955621492884,0.5993478104046288,0.785783066833031,0.7760465819466943,0.5122915475424388,0.6343017354369314,0.6554439291767259,0.7478420358063458,0.6246857876648656,0.8706068973832329,0.8372472368727489,0.8146882930362125,0.805608598386218,0.19778775831637677,0.3724692696039299,0.14474838581431412,0.23930740176553214,0.6989541614536827,0.42833759720335185,0.15033937381648363,0.2922588431076952,-0.07381489870578138,-0.0031272714347212434,-0.05595905022804198,0.025191859139016372,0.014274214617657696,-0.09135032258876565,0.08354505905323631,0.034957388496956135,-0.008116457269123103,-0.24947741651802072,-0.07698407101540766,0.01802830954241841,0.05562993401156536,-0.1834634232519179,-0.11649443446689807,0.045666331993425936,0.20437091141164818,-0.1311091035647846,0.22545041707676133,0.29280267209407845,0.6481088993934478,0.3141602773125392,-0.3004650055630743,-0.2629247415188279,-0.2544238348438858,-0.3023358609760586,-0.23456080240742355,-0.3226736480789169,-0.34686527460687894,-0.2734228328963979,-0.3062581837454577,-0.2516874928170624,-0.2192368029260551,0.31538664520550574,0.7236732435998515,0.8146984964305312,0.5800205255315056,0.5584102363729764,0.7956058652249501,0.3536288823184832,-0.18116675708607063,-0.05736154889946813,-0.2340045809752541,0.3643346425616321,0.03786614740577811,0.0004874025118892217,0.2473855524125857,-0.234311888746508,0.02855797113429121,-0.014027128332350345,-0.2316898358638746,0.09029736770135463,0.16238725774031051,-0.25722376640760397,-0.049870835045507995,-0.061451206893706284,0.051656708408807914,-0.38849518641803277,-0.3411886917825002,0.3047776420365514,0.260035211983776,0.16427783472804994,0.4386511540347513,0.2982172516613181,0.32635288616850716,-0.23640935476666178,-0.1990772220841839
ACAv,0.5321051393984246,0.5371723299719987,0.6421084210396503,0.3667788251478817,0.43682633651127173,0.734847258325431,0.8296223398600074,0.667339377945687,0.3475932080009941,0.5829899586929985,0.5442792815319047,0.4721598711557619,0.3547904650735901,0.561595252518445,0.3843156967974571,0.43574017435904355,0.36517495446797854,0.45843536013579844,0.5120161592992319,0.6777855641623425,0.7977075991745073,0.5258010449180311,0.652689007807278,0.693035534676988,0.7643540558529708,0.5853133108404416,0.780948840711841,0.8115084925571968,0.6959008059358989,0.769058891627777,0.13431111948907565,0.27271886089389447,0.11759338936456706,0.18008372435449949,0.5261375059286921,0.32059628275106256,0.13431542631086332,0.21165969254543204,-0.015030354854111456,0.04483157151154526,0.014346213905345693,0.06447212599885002,0.077608972867123,0.02849610346121629,0.13515774414218293,0.099652833713588,0.04894472068627893,-0.10396306059211108,0.03184664492093229,0.08187913194275605,0.10039629797329852,-0.0742588412410411,-0.03567840744590725,0.14810642996702875,0.22396749825188858,-0.02331765567672969,0.25334694747882264,0.2973184179176294,0.5162884051067103,0.2950463645950079,-0.16790981205715144,-0.13551597834593446,-0.12976280930209652,-0.1785723042113351,-0.11904726607386105,-0.17253178047796636,-0.20971090825517258,-0.13628012988609545,-0.16250462943828653,-0.12788579299670771,-0.08813618535913557,0.3314751795341728,0.6983303910918488,0.7311626980966396,0.5747954185294871,0.4471734098851694,0.6862257277114052,0.31251837677617783,-0.08997175673755844,-0.012437980571584562,-0.12910920613947077,0.3379974070008207,0.035590763812523275,0.023762584368566684,0.23986938710629063,-0.14713472701021102,0.053917933007125066,-0.04314789219659249,-0.19673382169806286,0.08651734692340952,0.15524768904507955,-0.16988924702675492,-0.031236975305685453,-0.05962685170118001,0.00768420542931576,-0.2586932015861927,-0.2837115789685296,0.2613934353227605,0.3084391733968908,0.1416900037357223,0.42628092783515387,0.3068030916988917,0.28768186456595257,-0.1582152053212742,-0.09139593864115923
PL,0.26326397028498294,0.20773458361138247,0.33696420634211804,0.018690170907066306,0.14826997001244738,0.5415644270520681,0.7677282626452632,0.45000838898525236,-0.026586359021043993,0.3762948148259482,0.32631834396694587,0.09663645401738881,-0.020770223949610877,0.42426336238805745,0.029223944751412677,0.0964135676960958,0.08502566756344174,0.24124798036959944,0.39966311599854765,0.6700587637109482,0.8481801498305384,0.48317815214428245,0.694464238518707,0.7758560635374634,0.8863645048669788,0.552064642921612,0.7539857315640972,0.9118023327675308,0.5602083743457377,0.6468582204165618,-0.14746290301864817,-0.09231115146503854,-0.17161647033718497,-0.11405970643775937,0.51796585919916,-0.030328966534307368,-0.1487110524080959,-0.08580199023712932,-0.23253882000231224,-0.1267226133119913,-0.3100200661344701,-0.17517557594959784,-0.33230107218436905,-0.2739713012375786,-0.25254661358885183,-0.3138092137528468,-0.33044022404696466,-0.30304832134475396,-0.29751190939370353,-0.29150472679446315,-0.17056955178384237,-0.2807018455425904,-0.2700571786068977,-0.23037127210616318,-0.1801799351675729,-0.1958754616459199,-0.13786367585672987,-0.047814118402294624,0.27547131811008446,0.371884160302599,-0.14859874912494161,-0.15361484283015642,-0.1725134049760705,-0.08513105556325003,-0.08604736709066291,-0.2813425859714082,-0.27776300014779937,-0.20630133814305393,-0.19207257447510925,-0.3040354816369927,-0.3294001207279904,0.5054262271063652,0.799920445898702,0.7903153972124496,0.7126233743200796,0.7148103942974428,0.8443727660083513,0.6516105511019344,-0.10040499631055866,0.2260543523824053,-0.14816548086872652,0.7011826373747007,0.3887808435910726,0.14913387117593205,0.5492486310014181,-0.14150767800064448,0.19615700597291721,0.3316838165342404,0.010608505082932125,0.4145313637201586,0.4283341431958924,-0.11771893860813498,0.14530857422510726,0.18509382153512222,0.3778831310637527,-0.15481961501494168,-0.02139655602263192,0.49651974451309544,0.47384197379604576,0.37009453427816325,0.5379517015811929,0.40257280158549336,0.543596554701971,-0.1640332610364491,-0.2249654391554482
ILA,0.2811652498093692,0.18925197044055717,0.28609509848564213,0.053591594381760435,0.20563665386536975,0.5351910226619782,0.7326524885377983,0.36092286015129355,-0.040580771768386974,0.26929168212407956,0.23118844496872054,0.0779924120475587,0.010426911628088932,0.3056824117411496,0.0030447523419683694,0.053399729422996936,0.048761423278734096,0.14214811286797824,0.322925628269975,0.6074203627650866,0.7881464091828035,0.3509194680834138,0.5776107797616249,0.6656554073139944,0.9388011972001852,0.4416274270639542,0.8088245439030107,0.9515445231559861,0.6408924589539221,0.7345936918143079,-0.08959939702880437,-0.045760527346597045,-0.10376352245666207,-0.04202434031630899,0.47704554152449047,-0.012687493675319812,-0.07929085262383162,-0.01019220329097477,-0.18047953265489897,-0.11642931348947524,-0.2790056464529507,-0.10491832189730232,-0.31915897248200026,-0.27165318431071883,-0.26883892096128126,-0.2883180568360842,-0.30457150658389454,-0.3110147988140396,-0.3206538124007871,-0.32161301237511153,-0.2423635901845494,-0.33209615764074046,-0.27917373316623034,-0.22483326038601065,-0.15186596601207164,-0.18559583040636618,-0.14761710461219998,-0.013199959405092039,0.3391518967057858,0.485883440971551,-0.13028095552078092,-0.12505218381654398,-0.14231983574030382,-0.05806418222369294,-0.06002143462250827,-0.2688811020086633,-0.29290474787002635,-0.1819789079903821,-0.17861373239724163,-0.2798467693130667,-0.31997257961259057,0.5115968199039916,0.8051701792812777,0.7286253663280937,0.7235072810005131,0.6991305770196015,0.8230207265096265,0.634088874591966,-0.15411529087470108,0.15573507103490983,-0.22829334794302303,0.686994393149918,0.28524697675529037,0.011540611096387913,0.4562943944052444,-0.229732216921805,0.06327693720794897,0.27229441550221317,-0.09383848648181116,0.3254738989809028,0.3231721577807009,-0.20802710020856027,0.01326851331987739,0.10336404212704405,0.39352227349559304,-0.16443036682279566,-0.08460173936043525,0.5631242893877425,0.5808014212073722,0.4596216808676715,0.6294106669298652,0.5195211668064685,0.5970338169705804,-0.2484409043260052,-0.3008145732156972
ORBl,0.6443456251226098,0.7014187141588801,0.7073072881339586,0.5395904843251981,0.4885486826608866,0.664778132982593,0.6241735220905861,0.6874053928167358,0.6736677588615261,0.6497391248774429,0.7152818800589397,0.658531417764323,0.5424528742153606,0.6298401163250955,0.7101619380309679,0.6577460882045387,0.737150538217023,0.7185502645612475,0.8260068711911194,0.7883160795294377,0.5406781304866063,0.6954181908178817,0.6273322643669228,0.5667843293346002,0.2670783220644561,0.7748946602316179,0.41939911530604546,0.3347925166214953,0.4192091520429073,0.3158053457296988,0.3433190585228791,0.47102653512861814,0.2509486100298644,0.30030450517852353,0.7401083087059142,0.6094896353042281,0.2479068701724955,0.29512534512380034,0.13947362579304962,0.34804291196668224,0.22788301146881157,0.1221063127761976,0.24671447798845983,0.15802183342754467,0.38076775034597476,0.23428243456604148,0.22160812347713996,0.005369470813255228,0.2542462841843926,0.33711816387215987,0.45339079258955994,0.18313765793257344,0.27693749360494346,0.1924788165389666,0.2961594673032759,0.0448062186991622,0.3557530417506319,0.28348280510449986,0.41474600123503225,-0.06776823417287578,-0.15604910312209896,-0.13306500503920354,-0.11732793715833417,-0.21723284368588702,-0.14916773431603644,-0.10953756049904978,-0.035321304273208474,-0.10671817190676643,-0.11386831593768532,-0.009846760609957388,0.0052736825756138275,0.25248327898639306,0.4168073159833109,0.6500391429803113,0.3087197335862158,0.3640867110105523,0.5191071113693545,0.14702498473985665,0.2110229033665566,0.21492406477455736,0.26700563728414595,0.1666979755704886,0.20874818364481312,0.3104254264524645,0.27506009827297034,0.1747369851879536,0.3535479936344875,0.048510288216263804,0.0601227186466665,0.1692249806117521,0.2544246474696455,0.056440255396611225,0.2450059890963942,0.10256866878672047,-0.09002318354654791,-0.21249739028376244,-0.10709287389487632,-0.02108263776478412,-0.14027164555518756,-0.1539419581482308,0.03458111798516481,-0.10424717677191615,0.01015844725222223,0.1957193028212681,0.1555873800667392
ORBm,0.3059377319998152,0.2785470061096465,0.42050441919648907,0.0526112021050022,0.174938218978072,0.5947402310190283,0.8217793138391017,0.535752692802983,0.03103295493322483,0.46105926968148264,0.4156749941454828,0.1689728046946363,0.021364592716484786,0.5042542733350773,0.09138423524222179,0.16568581832345594,0.12395439018937045,0.3148333575769229,0.4461007619027738,0.7011269040059681,0.8952194156480676,0.5460263435602087,0.7397857212621619,0.8153200354849295,0.8417785534435864,0.6045456272912444,0.7647466471129537,0.8936467757186507,0.5612925598984784,0.6294357032969947,-0.16089510036196283,-0.07231041438118102,-0.1874262472354003,-0.1273831050700566,0.5160902659692906,0.005887724662939695,-0.16532519239846272,-0.09408245844857596,-0.2655924784566379,-0.15452367814752277,-0.31520888608104014,-0.20252080741607345,-0.3092614243153687,-0.25372412435528985,-0.2114394557696579,-0.2977980862699282,-0.3125361810924236,-0.28971770727677276,-0.26218124212718436,-0.25252357239079687,-0.1247817293984923,-0.2520547264565318,-0.2770131241657381,-0.19921485447782789,-0.153158757779515,-0.18876588458754517,-0.08154530086672158,0.0010522350567529106,0.2952926140173173,0.32144454823724145,-0.17383415508856243,-0.18204063869925863,-0.1987618303531519,-0.1210620005307978,-0.11606959225104951,-0.2912551787204724,-0.28415408937362074,-0.2262334320213471,-0.21227976706724178,-0.312446969104731,-0.3243953002627308,0.4330256005644986,0.74920224419898,0.812964911689189,0.6356098168713649,0.635795356837487,0.817239897470546,0.5860391498520362,-0.11741157704768766,0.18311474534573202,-0.15063730539672818,0.6266169578598706,0.33776048778439793,0.1645688436350096,0.5177212034377994,-0.12700373223742986,0.19982911728521804,0.2779093311580559,0.003258394399042907,0.37409769770874823,0.405813082337927,-0.10649867483015346,0.15185565510849233,0.15159535313686004,0.30764986680427503,-0.1762629650481422,-0.04737572707104805,0.4326617050575549,0.41524250624159287,0.3067619587021685,0.4914013988351878,0.335606442543951,0.4661397860289942,-0.15231969208143584,-0.20376621514887897
ORBvl,0.33066040646473566,0.3492243900152125,0.536308585986093,0.08278444984800147,0.14145667994798972,0.6279875343886728,0.8506940117319015,0.6555571074063049,0.16046549406851165,0.6065862775034204,0.5780645561348202,0.2592192386719952,0.07237125083303417,0.6752849545854999,0.24069959969987784,0.2999427490237522,0.2793897479806629,0.5331571366592359,0.6173512447446998,0.7745733426095097,0.9331875094852178,0.7415650116129026,0.8900106235505039,0.9301574375606345,0.7722355910458278,0.7779939678876123,0.6559364727179486,0.7905926761824091,0.4673054595056915,0.5092867963380353,-0.12388319895521702,-0.03069327858363704,-0.17616890443741087,-0.12165508189333399,0.593193957279352,0.09983531641711003,-0.16340071075262275,-0.11311449276051677,-0.2226535466819272,-0.027054828720851215,-0.2416967698377616,-0.20988303360274974,-0.22731289771128144,-0.182620705781843,-0.10883958028827172,-0.22814073679591423,-0.2531571620258787,-0.256296442400426,-0.1507327906987176,-0.13445924108319568,-0.0007624385789417028,-0.18076703141831796,-0.16636949515785343,-0.13382868583931812,-0.1252775462541343,-0.19767936426482513,-0.043015598693728806,-0.062332575977844314,0.20811635503684223,0.06415666124367123,-0.21512437126600456,-0.22242763140883917,-0.23576500203771258,-0.2136965283084192,-0.18494982079342437,-0.29736462878451736,-0.2630002671147514,-0.24768316433059553,-0.22615726867320818,-0.31159847924249534,-0.29570815598232086,0.44010978863077044,0.7630774855635504,0.8752564096264626,0.6217116538077655,0.6292339337799463,0.816375496501334,0.48844894189822524,-0.023834872990932197,0.27303730980616986,-0.0340176642963963,0.5498323210749522,0.3760306861278784,0.2474523369176505,0.5222368100253383,-0.06933474548451822,0.3201416305584394,0.19593898000661747,-0.001087412062537978,0.3559492823857729,0.4308985076641638,-0.0967432947485268,0.20953992846388714,0.13859583364351888,0.1124872292239052,-0.25515715364139335,-0.10866935451674975,0.2239304947851538,0.17983774949424186,0.03793615893082253,0.29418203117668185,0.08864993602180779,0.286418245137722,-0.07422449054870946,-0.1331782631738689
MOp,0.6501560377813959,0.7178349927989469,0.6153782621410339,0.738517456720501,0.6114556409508505,0.48385501367283057,0.2831396400050387,0.5021064617230308,0.837093986503169,0.5074594593873565,0.5355285461792222,0.7567904606125125,0.7587763938420475,0.40137094444874466,0.8133966167219902,0.7239349685205826,0.7955344516670856,0.5954307345565372,0.5980824683722699,0.4521143595972812,0.1241063376019686,0.3949042761222969,0.22895302384230007,0.14468798021441887,-0.06710255826681791,0.44155293754552133,0.16607922130559374,-0.005453184744979397,0.2982396872551759,0.17149101627193913,0.661785341595127,0.7634579766721491,0.5919808474278005,0.6212338437504527,0.5456375096531296,0.8061820034948806,0.589733770921724,0.6031811813132563,0.4892788895160729,0.5903055563696731,0.6385588768606503,0.45558095726435066,0.6888563367876093,0.5051895450212723,0.7302505384724463,0.6888157814883605,0.6611940057426848,0.3081977758567692,0.591703956680203,0.7132284181202649,0.6792799591298054,0.4303221824891187,0.6114338036482678,0.5556368344370436,0.6870589594329429,0.2762575549296667,0.6415474496356652,0.49177568023720397,0.4738231859374758,-0.09268524633513114,-0.0334092169869964,0.02930645740807334,0.05573695782369432,-0.15047169305320682,-0.04940393074483513,0.1536975895008182,0.17509167752705806,0.09607012571470853,0.06224829053018091,0.3061467896203426,0.3503393649508574,0.05479437148575447,0.1304637479657216,0.2713771211936563,0.0747710090031887,0.09728254321394494,0.17213984870546967,-0.12430050287600493,0.3183846282752058,0.03627421227142504,0.3509974895520637,-0.12602658880365591,-0.02928350185684846,0.17040647488725563,-0.02557370720096365,0.21662657721750836,0.17614727634707208,-0.13944112280117948,0.010717252154379504,-0.0684679498228675,-6.340973432893738e-05,0.12046414388827073,0.1001868614534562,-0.027297374511204144,-0.22837784983432907,-0.13360348275338912,-0.15216598442059506,-0.17678541419151977,-0.2764772385107165,-0.2111426749817328,-0.12005204990157434,-0.15046080943900136,-0.15111021091018847,0.2715304648000565,0.36744728009976807
MOs,0.6740333694106159,0.752179627830814,0.7891100899030652,0.5387795849972088,0.5339278443118557,0.7946990713995884,0.7976768490120154,0.7914594738269861,0.5706642246787499,0.7308867791623865,0.7075054149838158,0.6942901714270983,0.5303350407495929,0.655040624017736,0.5911979706130105,0.6070208595406743,0.5429702290984116,0.6250232708941245,0.670601635478314,0.7838614333157011,0.693712356019163,0.6418393426170185,0.6688950774123367,0.6681848231350864,0.5124171780719102,0.7174175211885705,0.6620909842895714,0.6008503015904368,0.6169763405759536,0.601601284851263,0.19000376097940733,0.4226111419048669,0.13271040983610832,0.21275268392208072,0.6736080632510469,0.5154496004398068,0.11752075428549438,0.2532545792758969,-0.07447614519183662,0.05212003517968827,0.07060912863514696,-0.012967974185571593,0.19851400506440833,0.0550226093048998,0.317181294830953,0.1813301767810038,0.14137753193808342,-0.07740458070728837,0.15670600630916698,0.2970066694131389,0.37296600565086696,0.08983360721628211,0.05320308402691297,0.17127099090811598,0.29345899344219223,-0.0870166153942744,0.3813518286983848,0.3326560855592303,0.5377465803161687,0.09048063046633752,-0.32735841462030013,-0.30631791910852185,-0.2869958738838579,-0.37535683708741724,-0.3132789075095758,-0.2407880944529422,-0.227650054844673,-0.26909411244862147,-0.28219605194036507,-0.1725529986651941,-0.10043578388154906,0.18525660875725375,0.5830722438019792,0.7669652175884101,0.4519424093454401,0.4120548161723811,0.6544152293860418,0.29206542050301104,-0.0703321248700417,-0.06665906213359911,-0.0031676936941271937,0.2619863771947704,0.1308590783445002,0.28012182305136607,0.3270164700611769,0.033123343309639,0.28628028869110284,0.06376757299882388,-0.01022132884772626,0.19787907441657454,0.3130407116972913,-0.011510173644170833,0.2023345784447605,0.11219003548747106,-0.00039767794754427723,-0.34042715905408666,-0.2045579670750064,0.17447787918243443,0.05520411895065034,-0.0018164440828423933,0.2636940603317764,0.07959148466901342,0.20460533097784786,0.022401043673901156,0.06722046674958831
SSp-n,0.1298824312533695,0.16575397231156194,0.14080894339303276,0.29239879264834606,0.17839530417705393,-0.04248490419214015,-0.14970106244361922,0.07359789126787326,0.47803095694707265,0.1596321126083434,0.2045379683991606,0.2627768583985774,0.35244212175439144,0.14142232266499585,0.5076867109788671,0.5093343367940506,0.5690905261817361,0.3281212147531141,0.22183700372655768,-0.01332614912102029,-0.16700438304329063,0.11521674983727498,-0.0638642678660469,-0.13088419041514057,-0.25227496493452606,0.0646899188648116,-0.20236845830385394,-0.25958503127119836,-0.11046335643261464,-0.1596207396470803,0.5798229190557584,0.4411070951217343,0.6139137880496632,0.5073334463309578,0.0735461370477186,0.4277985830754078,0.6744981970591611,0.42130438627414213,0.8371094566371226,0.8448575912266816,0.8855753532221796,0.7283819053594792,0.7625574803614286,0.8443897044854882,0.7512237179822662,0.7831536976206936,0.8200052807200996,0.7681759152194951,0.8118885987499268,0.6789920661093442,0.6215425683574901,0.6783841159118107,0.8840706488719319,0.7744880378584693,0.670440161121767,0.7760062966811979,0.6048835990450134,0.4655615061001233,0.07271921168151227,-0.06829431655794163,0.6390173558278924,0.6824798159524348,0.6917396366251214,0.49849613588589137,0.5847725894093506,0.7611501534957975,0.7540600165106528,0.7355139317892623,0.7307700019021349,0.8323059990041571,0.8200807903544574,0.109184976590379,-0.14341407914778856,-0.1505368894127647,-0.10240848580658327,-0.09851528696353859,-0.17943439798545036,-0.2227213325855015,0.681942730527502,0.3137868990552696,0.6490403547756454,-0.18370489543437044,-0.019989922702287263,0.07767297778818964,-0.1561810983932293,0.43917246972034435,0.08439693987397294,-0.11714432681096133,0.15681458181271662,-0.12698377228064234,-0.12491930230931823,0.3459001141297951,0.05545164512191138,-0.04877514627451459,-0.17170171738188503,0.45425408621027563,0.16748115253895549,-0.22927019320567701,-0.181673208480959,-0.13873870005001737,-0.21242882664211776,-0.11325292903206509,-0.21611781290646082,0.5179854910549473,0.6031556286532145
SSp-bfd,0.030431239960830143,0.025779867456692463,-0.012478509960321073,0.20865221767441514,0.11674434779805559,-0.14826472741577773,-0.25748808252963845,-0.08823455190500445,0.3301768900202705,-0.025433883751982935,0.04149805291554109,0.11632284187914352,0.26330828270792633,-0.019603687053335154,0.3269658474851593,0.34679209834210917,0.4592837236863079,0.15776317625819855,0.09467687404163289,-0.10078297934743509,-0.2547285002550313,-0.024744294332549155,-0.16602054214563544,-0.2167300658253339,-0.2506201276814327,-0.06031613087250439,-0.23971296910632203,-0.2764656848379768,-0.1438066362344048,-0.1706089399171449,0.5874334261109015,0.37587033472432774,0.6421484870547258,0.5174454555071953,0.02310677223398698,0.33428371155649983,0.65914512101554,0.4257446935757109,0.8675062207925924,0.8128356923725741,0.8299343356897879,0.762723784816497,0.6704708395146539,0.7381271092684348,0.6207088581637794,0.6992534289782052,0.716852143493407,0.6962601471432625,0.6787210191180817,0.5703731490473315,0.4698204611337248,0.5899474778003763,0.8175780522633485,0.6690029956940792,0.548269050040487,0.7601977227663896,0.4712425344417583,0.3773620503212991,0.03488296873953243,0.036802226161507405,0.7030067337393986,0.7382084919142861,0.750597071170959,0.6220549679800367,0.6834990250904889,0.7608943334216668,0.7652903553479996,0.7561743229392411,0.7581863526109257,0.8140705884620291,0.8033359216000935,0.20185052195880593,-0.1501505320690212,-0.2195851691243274,-0.061219616941648076,-0.05816605110777425,-0.2000121298015165,-0.14282595280057375,0.7229231590957824,0.4058735755816148,0.6440476531676009,-0.10575372862211624,0.05778745681072919,0.0746071552170925,-0.10189485996247868,0.41179904562794045,0.09349164506404611,-0.0008389081862930013,0.21929651169198874,-0.050096747466751204,-0.07724152061774367,0.3640559111728584,0.08549426049327413,0.03768660547201416,-0.03500480327865553,0.5632006443290523,0.2913322998904053,-0.12444846803506909,-0.06766654790704563,-0.010487176678963362,-0.1399681492359453,0.0020798199763756796,-0.11533308869219276,0.5141513881612836,0.5750819608688822
SSp-ll,0.48852423509793547,0.5185750689087881,0.5094591954500236,0.5756234264663784,0.47644766104790953,0.3827285226865935,0.24563250391914493,0.4078656234543616,0.6574633776363733,0.403631891974075,0.447345206704345,0.57049104371314,0.6194452051007449,0.35629532451414914,0.633843396903212,0.6182103043270007,0.7188723327870636,0.5149610286088273,0.4956532236544053,0.35194507096422056,0.16943504148577573,0.3508732929550876,0.25118393596156335,0.1803670870419106,0.024023086949788983,0.3646165205568101,0.14989295491089227,0.04849498221694566,0.25686672364830937,0.18772758729077577,0.6736640950706312,0.6432839522264149,0.6432127846554236,0.6251948399261511,0.44779724963829276,0.6653215883041781,0.6180125597218812,0.5769162225217521,0.6365369492356556,0.6966976519685111,0.6534858731100454,0.5796943421299097,0.6502749716986489,0.5088075502818559,0.6352782885259617,0.6841658740929218,0.6027525302900065,0.32492931703948164,0.5318666458419373,0.6288758729480731,0.5076884005958063,0.3698086747546065,0.6249578329680443,0.5966532656001953,0.611595916853348,0.39310567184856005,0.5585011716413768,0.4231425939226083,0.3956545448382767,-0.03182393195621201,0.1718489769233835,0.23287688759982336,0.25785819659762543,0.09149796688875998,0.1913289812094303,0.2623268131930557,0.2890271370517755,0.2574192942438794,0.23174121388224744,0.3810174529600633,0.461916263642504,0.252192820077742,0.17578511947929704,0.23925236173842462,0.15282523792240138,0.12696906654381235,0.16235640417294658,-0.12544105228363275,0.49356205902683153,0.2779892647490201,0.40861198052333464,-0.07040286949747918,0.015751541262376698,0.09541245704364444,-0.022968162131004815,0.17284390815177958,0.15539791656506227,-0.14485146020710105,0.004896237522212218,-0.08007032552003951,-0.032635349695708527,0.1172396706792535,0.060517434127329336,-0.057251538160996325,-0.2406472323041934,0.03899416120785641,-0.07732564316836706,-0.1896450268946765,-0.18076506062529252,-0.18270128296014063,-0.10633535919010444,-0.07694774897331591,-0.15350164876823646,0.282745307072158,0.3870336713842689
SSp-m,0.3745011234201824,0.39595674873989506,0.2905386702082927,0.5509999107600889,0.4219738328997655,0.14715728555405097,-0.049298839521686295,0.16859740483562627,0.6760888430926177,0.21935214140704778,0.2678582914214574,0.48002081260816365,0.5870255861226336,0.14954789140342611,0.6561918368623545,0.5751217708718735,0.6859493778234838,0.38400120675313454,0.3577140771364038,0.118171997994742,-0.15020459289658164,0.14448630961675482,-0.046337898727354825,-0.13565909048561198,-0.2523225661571062,0.14347516374577374,-0.09234753981217098,-0.2273413686927852,0.055257292723745806,-0.059480591539469135,0.7582351677631477,0.6676853803456134,0.740182005055138,0.6798132840655635,0.27044616184395565,0.6605224863040997,0.7635129558256862,0.6197531175222915,0.8089096298393548,0.8203583740846008,0.8654860391624638,0.7294725341999784,0.7985858918068736,0.7293351911654465,0.761651721222616,0.8094625387279746,0.8316884272822429,0.5749272219173457,0.7297392123981713,0.7034868611874945,0.610286457161549,0.5524636252590568,0.8260800551571398,0.7226866469971857,0.741388515029945,0.6076587870057686,0.6443317801083641,0.5116248682700726,0.2843307637666134,-0.08475468914589974,0.39418315934071113,0.4573578026543886,0.48463924626533067,0.24978161944576516,0.36165821185592884,0.5345678070095508,0.5415773350027752,0.5153328740262806,0.4750470334476378,0.6567607608530405,0.6827298092103036,0.0849151173557402,-0.09318012566544503,-0.04777131555998736,-0.08547897702764308,-0.036988561243684284,-0.0848830395672036,-0.24147680747372358,0.569565943071314,0.20408285888879454,0.49415475241574736,-0.21272425198249142,-0.07800782081498922,0.024989423825384105,-0.18737852016090376,0.28124508167225554,0.042066221760650946,-0.1790722148118084,0.030563528965368625,-0.1809291579396816,-0.1582993160295756,0.19273337118618414,-0.017614671052940168,-0.10145526389399749,-0.227196101651824,0.1982784319424274,-0.004546056126653845,-0.2453605299041212,-0.2677584985353737,-0.18942692165779346,-0.21791538871931826,-0.15236556764928919,-0.2307095789380381,0.3805825181555848,0.48474343387321234
SSp-ul,0.30797409489561,0.33321816901755597,0.2619393719139134,0.5032686275918798,0.3782400803594479,0.10176433388074178,-0.07456352150193686,0.14500052543306988,0.6083907625268316,0.18026081931894763,0.23134670100324686,0.4269857824464551,0.5555477888219158,0.12819026718613655,0.5834267872933954,0.5508400748131101,0.6457900935635293,0.3416749259939372,0.27011125734462427,0.07346571562348754,-0.1487633052166347,0.09960371550977203,-0.06141392021050046,-0.1290164663484883,-0.236451568871068,0.08965396901819365,-0.1102796538731517,-0.22586625337356672,0.02654257920652049,-0.05285834705497358,0.758171228783642,0.6488306210600302,0.7656926853096837,0.695575820201071,0.20480142366200577,0.615386537298471,0.7572531651374318,0.6236328027049907,0.8526151766873545,0.8321103670723003,0.8877892925603003,0.763391623792142,0.8228298692523767,0.7352823266915332,0.7607609193239007,0.8444816470395908,0.8222505043078504,0.5792542735741735,0.7216758605856187,0.740380682568759,0.584285202993228,0.538135194691684,0.8217591986111488,0.7444905034660917,0.7273599570463792,0.5970317334634493,0.6143551579477999,0.47041046226990346,0.25248707586237457,-0.07803558666198278,0.40853101904149636,0.47807077387426966,0.5053351851955594,0.29110823347673553,0.3851142626538862,0.5465804237453789,0.5364735852633228,0.5255960068152761,0.49067963269659565,0.6629744976816919,0.705225589457145,0.09879995474537376,-0.09494457469165729,-0.07775023707258205,-0.07694612200082739,-0.07306937594827047,-0.11907343148990086,-0.24983578860997357,0.5772038582854326,0.2101379380315382,0.506102726643978,-0.21650909563459494,-0.08222329898835636,0.010862893220430558,-0.18495016110254084,0.2636227290843502,0.038846989444791945,-0.18468917238071345,0.024358454813024753,-0.17831771211218814,-0.16142889431355645,0.1926212760405186,-0.013768483604383167,-0.09881497188546674,-0.23716690031283233,0.22675515667406806,0.0005235367430103023,-0.250049558114985,-0.23753019677808893,-0.18662422835764542,-0.21001774172519364,-0.1292834902000431,-0.23436696486901384,0.36823252279016316,0.4865895253838365
SSp-tr,0.23299806400645667,0.19084281836193978,0.07939782383193211,0.42084262457900673,0.3666708473520495,0.016128420652881472,-0.1437691887580044,-0.018848399806023795,0.42675473229944594,-0.016284291829387915,0.033417765551310666,0.2654239377929041,0.44347855686423443,-0.0605521829341348,0.3732613009521142,0.36591467313122894,0.4921442455910671,0.08800889742074162,0.10222948692154378,-0.03705829719942848,-0.2078369859972814,-0.09040324203357951,-0.20303554944046873,-0.24988180054804557,-0.18526137859761602,-0.09553411328709281,-0.06209137755338533,-0.160554373827634,0.0784370631925988,0.02263032778152392,0.7424522444748106,0.5663577037243,0.7957363885267275,0.7108469848139188,0.12189726746277829,0.47556254829358796,0.8121649781051768,0.654483361801059,0.8728625361406646,0.7472522568972728,0.8164286996889113,0.8561462964389678,0.7024061067228253,0.6734619010768667,0.6153505047408608,0.7523807004739821,0.7414644746104372,0.5497634455961508,0.5773533724245987,0.5370831355561666,0.37776800414767897,0.445569020321469,0.7186746241257866,0.6800389232076115,0.6899112547475018,0.7172573222562244,0.5755206036135113,0.5537084067465631,0.3229526669412927,0.20204646428866668,0.5586567688795542,0.6320067774980181,0.6475461428309174,0.5150753117198049,0.61629003051234,0.6057799510913482,0.5762091828744551,0.6261558986259241,0.5908711798740403,0.7225862595986644,0.7143790659848323,0.1661866519407889,-0.11597657878689836,-0.1799387676173365,-0.05439565258049566,-0.048569650115345205,-0.13766102813928519,-0.2012320156663316,0.5708088135514812,0.24327490467145446,0.4399226844687988,-0.16571473482279941,-0.10762307789860734,-0.10677363835192052,-0.2296386623557392,0.20047126452035602,-0.09985052903546827,-0.13297005048001717,0.03625898046531792,-0.19773478693554683,-0.21913359679442543,0.18589080779374287,-0.08661296184166134,-0.11455447870771952,-0.08533354610905168,0.39641069301909476,0.09870840312727597,-0.10220243240356944,-0.014080490843744626,0.062700512749191,-0.07084747786712028,0.12893865156087392,-0.10943315214245368,0.3052767652913079,0.4306455318004357
SSp-un,0.11616431626782908,0.18311975908679193,0.12630054952940464,0.2566651745182647,0.13077631582899193,-0.052496686957981986,-0.17148694751219287,0.08177269099395162,0.42575914539097365,0.2004733684568731,0.1991529608713195,0.26323517091137816,0.28535539764473705,0.1618313960742334,0.4389923229123059,0.4128333838574769,0.44234117310638466,0.2901543328767125,0.2137813325923984,0.011679561551328667,-0.19747689914874467,0.1476353499233229,-0.05697001818062531,-0.1248152610157031,-0.2872980266819763,0.09543318724307723,-0.2188111553530787,-0.28675797031213296,-0.13649992873328856,-0.17855855754718797,0.3711990299915588,0.3296053942930123,0.379380110952042,0.3137064241566601,0.09557032369698033,0.33912839994653354,0.4499975410999779,0.26332550340576616,0.5280140457778099,0.5563658933668346,0.6712770804128201,0.4472390539236465,0.6162844457700873,0.6978205035722094,0.6511883527569037,0.6055604772434618,0.6846031641401731,0.7082200688755657,0.7374302805506214,0.6402446948597417,0.6920227739137904,0.7176818053355305,0.7294838051250231,0.5924208494577764,0.5456854958088605,0.6059076237112804,0.5255611787296478,0.39355889677267913,0.026675041731847912,0.011670889474020318,0.46640661533294636,0.47293485436815186,0.46365095989045946,0.3485054481231399,0.40300781015998705,0.6389891282899337,0.6764311948962575,0.5387386721948411,0.5580621953222109,0.6892937297042365,0.6538897048404442,0.07125397735033699,-0.09992331616965704,-0.12567239879543757,-0.02360546517250739,-0.03546396097265591,-0.135351838388109,-0.042913282504205445,0.6410376297965742,0.23620196911529626,0.6589666963712696,-0.05502842969239274,0.1729904847041918,0.36847475705866023,0.0637469152804443,0.6283060639016088,0.3012367493587967,0.15866659574384062,0.4451196083039602,0.13972231120470088,0.13869446869649327,0.5582962703215243,0.3454387212479184,0.24016260651259397,0.07148804483827394,0.4664273810426821,0.39108459549915836,-0.05496883338729584,-0.10032230340619054,0.029670122549243613,-0.11581334004549469,-0.026435027756733016,-0.03774180515256694,0.6790616916138491,0.6820872319285387
SSs,0.1310100871771417,0.18378797131198615,0.1743876724372355,0.2650527813431793,0.12208561134272827,-0.019090357128137357,-0.13446886870684527,0.10350182523879328,0.46750589367533796,0.1859435629927705,0.2640319180881447,0.26309046020539595,0.33330415821220705,0.19282395055668972,0.4865264672776438,0.474232071049614,0.6061790417015801,0.4150524580046724,0.3381519651683143,0.10367768215063725,-0.1372843674328716,0.23190475690699372,0.05101906805184418,-0.031771882285865395,-0.25909725121721355,0.21133621570646324,-0.2350205694590967,-0.2855905818532623,-0.15145039495165027,-0.21240910694685686,0.5059740020181146,0.38938040657448675,0.48617905352548424,0.40744580743599423,0.22390470578370597,0.4317713907335014,0.48897326654018364,0.31903294339697086,0.6701751152688572,0.7926482608841708,0.7191772321536862,0.5188904882747398,0.6080058409363714,0.6083932648451129,0.6373239662911109,0.6207298243847743,0.614566445854457,0.569425340410327,0.6672383100184666,0.6583681902350065,0.6278493600244351,0.6099269774523784,0.8096271298674075,0.5392184155252736,0.4482033300345814,0.513553932918811,0.41979374063777747,0.2215954112936181,-0.006603372617952699,-0.19474890741366985,0.4162928226810297,0.43250301178636785,0.4464519992242126,0.3082373987433561,0.35411239542587114,0.5340805230261771,0.6110281328398491,0.4810336326098625,0.50867041376673,0.5885573418113614,0.6091746408762789,0.22851407591762155,-0.055135512712256605,-0.019637500267260508,0.006794131413941799,0.04048151611964338,-0.07054828119953238,-0.0850363453676624,0.7411264855496699,0.49019120703219227,0.7369033735560784,-0.04419535878221283,0.23527618285228422,0.3169481704275302,0.07653722803814121,0.5120153844465938,0.3698193915791465,0.09012777003789607,0.3318427040140564,0.10019479612034247,0.11895543639168586,0.4276412200385944,0.29615008272967963,0.17949476443469456,-0.0817149951728922,0.3586353618270544,0.291255003601078,-0.19489879138843885,-0.25158921114695154,-0.1930210571247471,-0.2332431582693836,-0.2112272094920927,-0.15485600086810428,0.6326582448561847,0.6253070296306591
PTLp,0.04316504134692297,-0.005120236911241386,-0.019512362146554895,-0.012352476755948577,0.09326103650623323,0.08869797727724191,0.16814813193831962,0.0736062801380467,-0.09075029153392257,0.04671242389893946,0.021001338551496523,-0.04441135208328012,-0.05252821753254139,0.054962484733939186,-0.10573033252610434,-0.006097923643498029,-0.009176094516644976,-0.10775848353282798,-0.015685385864236814,0.15123815324687082,0.2259822825885716,0.030785928296884733,0.08789644742566292,0.13962201464640484,0.2952801349192289,0.020407150179885505,0.28067489362789594,0.332265748400668,0.24227038880688279,0.3166750732120446,-0.022067798045971657,-0.044984347605656116,0.03144991984939271,0.030066237094172082,0.10145542987234002,-0.0986732545748288,0.10571901821293729,0.057764305870937956,0.02904841704151725,-0.028857485043673862,0.005519614232330378,0.13010796808298888,-0.03145533166943967,0.0699218136497234,-0.0015990380522635916,-0.004929649489227544,0.01814867120607152,0.14435517118815083,0.00021555564444996746,-0.04199052802721566,0.05443444130791744,0.13840081723403572,0.030320505417183962,0.05094203724746503,0.10537594072111807,0.2723538679781502,0.15435399919205198,0.31140257105644936,0.23993545412527967,0.6587788353271093,0.24938173124784152,0.24937241574253718,0.2159114251186186,0.3749081903986265,0.3616639000791532,0.18386023552858088,0.18994457350629365,0.19233606518655022,0.2213318052264988,0.19725031979386748,0.10655113476709101,0.3047562447636035,0.23951348726049945,0.10436740594362931,0.3138567082158663,0.2424807758162851,0.22195469987645267,0.3203575294938488,0.22558309233971802,0.19743643662651464,0.18627287944201495,0.31974537950499426,0.2389120227900317,0.18426831681798186,0.24117571736544516,0.24788731775338693,0.11787647777700055,0.36018756966884735,0.3616563860461784,0.27935071516749965,0.2395588657652712,0.3202314365504606,0.2631143175631157,0.26453114455594123,0.471025371107714,0.3935585932748446,0.3948807100962986,0.42482734133495476,0.5449221210198177,0.6268640607373461,0.4072830674234476,0.6111009628572979,0.4183362696280248,0.216750415269099,0.20706263843777178
RSPagl,0.21858423729540966,0.13817220614846903,0.1791217290003167,0.08020365855726115,0.23852591977577295,0.38414130799250956,0.5265841382628226,0.27722059288782464,-0.03812587163695317,0.19079619214996144,0.1530451930810786,0.06628476802545964,0.034674980989312765,0.2004774331321849,-0.04367033724471377,0.052845327340393725,0.03594380311006595,0.00374359547606015,0.1362772444024454,0.37805707047723025,0.5829371002931938,0.1774142784790619,0.3387526718017284,0.4024437309304688,0.6508669852731983,0.20621082029532983,0.6391439780412643,0.7079299964537422,0.5386161785894329,0.6089041746178858,0.010666461117418358,0.010512930246773342,0.047222531549141064,0.07544954777419638,0.2837155358118871,-0.022045701740567778,0.092958698511276,0.11660923957357029,-0.030681592759026096,-0.05897164506025187,-0.10950116406834616,0.09397420116457163,-0.13097140631412837,-0.08744573325744202,-0.12199033210301793,-0.09465508479175062,-0.10976252129304376,-0.1021574778334742,-0.17644913192875064,-0.17628127304722088,-0.1423087884080898,-0.14037816631452407,-0.13069149710819025,-0.02335122850957193,0.061478019657764185,0.0846551100879882,0.08395146059336311,0.26964150877647447,0.42295955946524133,0.641493279125763,0.061937679651298184,0.08078944276603785,0.0643334164395393,0.17963683144500617,0.1841137935840897,-0.05555476279033029,-0.07758994820444144,0.016441936649282632,0.012960644172654155,-0.03907495978716164,-0.08075385681085934,0.41037419246068807,0.5142549584821886,0.42250221879073707,0.4797022484339844,0.43333675593708426,0.5244289061835116,0.37231324812082783,0.030310081212855534,0.15341972498104114,-0.09446115699917647,0.4226289797096768,0.13530509170599966,-0.040082575612050725,0.22237972162712955,-0.09958416797981628,-0.04060554033728086,0.1736823803554893,0.021816267387708473,0.15114713561136184,0.14705670229793882,-0.02063679047694185,0.010519402908240069,0.035297430796860686,0.32621988953815,0.0841501107087775,0.056465728065372214,0.43326220274564836,0.5775385648091201,0.5284865995693844,0.5078581633011651,0.6007910981014378,0.4312608660583603,-0.0965742389494302,-0.07874896023314139
RSPd,0.2251739103200079,0.11336319089716831,-0.01477490217304077,0.36193650030037133,0.4292666072197705,0.08489228978267599,-0.03606924878270804,-0.09636715277820165,0.20734194418952856,-0.15619285469505606,-0.14976100527141148,0.14772050053763197,0.34487051221073595,-0.21577336549670378,0.12638687882695698,0.139236777755402,0.19144686011225723,-0.18710665607336244,-0.1202993817068585,-0.08060625706281108,-0.1095926011658976,-0.28833133026774554,-0.27656460358638557,-0.2648080005387442,0.09204482955173182,-0.2611737814615311,0.1987497641488958,0.12399094502382262,0.3191110913677498,0.34349354909747626,0.6008591028027591,0.4579566609177136,0.7109323682166849,0.6581229163148073,0.0031489821291494167,0.29468679737995995,0.7234995540193179,0.6546027687089222,0.6798013365153012,0.40955616713036785,0.5714852082735409,0.7775614758588103,0.5056482854219921,0.455775022545381,0.3451274740754957,0.5548037549112548,0.5529001228353726,0.3715985172489961,0.3037191331175342,0.26559495231034225,0.07973118263077686,0.1933469561151285,0.3932439278134972,0.5139641432425887,0.5765057038811465,0.571570847256457,0.434543847502137,0.6316194095940081,0.4880922172614512,0.5875139485234249,0.4849980602728902,0.5543119249152164,0.5721495643578203,0.5246704558662182,0.5836120011379725,0.4727359115087443,0.37177547011973316,0.5283394503093726,0.45942747029726744,0.5779155614772225,0.5438481013662246,0.1253335242588307,-0.007935119694004077,-0.1678132531076986,0.037955705821734936,-0.03748697197587463,-0.06341744476996794,-0.08577698436531365,0.24960122553411124,-0.035929429118565726,0.07748824918503903,-0.08340625646284987,-0.25561970186001404,-0.30346437290637196,-0.26872502497876966,-0.02978914431697598,-0.3479364329058516,-0.14739380171742789,-0.1300655144983745,-0.24375125071865467,-0.297338920907087,0.010547222159509548,-0.26812602922603346,-0.1919624594776315,0.07093414330752751,0.3456244089436067,-0.0034662944080599014,0.1691979174779392,0.37013581710689636,0.37906569690817893,0.26366948100288756,0.5237126529754446,0.12067707422832445,-0.00015308825132028515,0.1591357252570513
RSPv,0.11364925613488404,0.013827156466783817,-0.09063361443672896,0.2543456715882378,0.3077071177255781,-0.01310825194942863,-0.11587335751200345,-0.162596883992481,0.1388906507649669,-0.20184747388885405,-0.17973411560427496,0.056054268515144064,0.24942956014652062,-0.23612966247594971,0.06341634465209453,0.09188273865532989,0.14733432354257314,-0.20305310498994614,-0.16168363199232666,-0.13634935232752682,-0.15463260604828657,-0.2990708355088557,-0.29253013525983335,-0.27768882730274874,0.0695962069655086,-0.281752753160321,0.10772724825665006,0.06458530469894003,0.21409529930786328,0.25996520376644044,0.5331716152341694,0.3609566386955238,0.6515924903272329,0.5767519036785511,-0.06454617590432747,0.21199026927137812,0.6533510581067925,0.5564232025490947,0.6797113538246594,0.41384050944204726,0.5681683254724513,0.7463599047218513,0.4817116711628936,0.4716641463180987,0.3248853272922235,0.5191159299829867,0.5307512510917487,0.4375881789287845,0.3290089395124715,0.2657749930018614,0.10213357318678011,0.25531391517655216,0.42149640033261937,0.48804483493304246,0.4971911536297326,0.5991611627881892,0.37073409104174804,0.5562338196375822,0.3540403012704674,0.5826339731612679,0.5706573224993862,0.6214934588980033,0.6368517274451089,0.6215642550985666,0.6495205037450031,0.5527066171814068,0.4684927540743495,0.5970920617736047,0.5447173297760627,0.6329469814594215,0.5868767797659107,0.15371847223552565,-0.026619784614897876,-0.21967111398446176,0.04052137646090622,-0.04893831236284246,-0.11453025021106673,-0.039244987778401096,0.3278343492644571,0.03289009709387081,0.17512065163198656,-0.04373700215151839,-0.1711861119409213,-0.21035967298726493,-0.1980219320783517,0.08275473568477566,-0.2595838299665514,-0.04907935208286238,-0.013938715567101728,-0.1524955229442415,-0.22053364822864796,0.11834827225749622,-0.1686062232917195,-0.09016403405395064,0.14994262709578174,0.469481583556438,0.1317726758604823,0.20668469471667633,0.41282218200865206,0.41656326364172563,0.278310128433889,0.5370465900391094,0.1587719728861776,0.10907628044246954,0.22838188452164399
VISp,-0.09107337976390792,-0.06775628642307625,-0.001393316110525031,-0.09461880457658813,-0.04517856731768059,-0.03424981172443227,0.0690896050136373,0.1151378640261817,-0.04953230095674083,0.12314192433923492,0.12558573020303107,-0.04438428405637669,-0.07889367587722243,0.15531656260778254,-0.04512481330893852,0.14465586982770964,0.07928740604373137,0.010198558736569914,-0.052184979127403525,0.0074775486452953455,0.1678353469836318,0.0782295659199189,0.08872725103239379,0.11466680352010167,0.12396167239250909,-0.003080343652313097,0.07668955399219304,0.1365774516808048,0.023098956802227108,0.09421449711623921,0.008267466148987233,-0.06989204802683485,0.12827817532712196,0.03784783739331257,-0.09131282199744736,-0.11082619128365502,0.1695658866726051,0.024894407912157017,0.23602507758018884,0.1427852159408249,0.23769849208054272,0.30472675534835353,0.21138237111359606,0.36474419160260235,0.2252163533754355,0.20696361014991316,0.2365069719707902,0.44658193091455867,0.27631282114922573,0.17330704283646406,0.20084541554373905,0.37120942152030695,0.2496416518649614,0.34854715422368926,0.24019409962718855,0.5713826463877447,0.3480799568000077,0.4157466809022425,0.07489715086417645,0.4161962330957674,0.524660216621826,0.5177090404392184,0.5038223871071479,0.5957986301598432,0.6068209533101155,0.48787841803290816,0.4884936798386053,0.48282606765225716,0.5204921577544857,0.4674007007913898,0.4457911885629478,0.23130553995410502,0.06539166845464492,-0.0254392238786044,0.12320347407774355,0.027702717503594397,0.00889152059414141,0.08221735481500515,0.4129404642274232,0.2661629801844412,0.3753245089927753,0.09272717186684856,0.11602862543186711,0.16420895391200466,0.08073712650855228,0.3711447510767401,0.10563551970821759,0.16956673396532437,0.3665638138016999,0.11569363664337624,0.11086926468521188,0.4400427653144508,0.23218118697661183,0.14212006200299868,0.20481000976938735,0.595488524406681,0.42437720897371894,0.143056801631833,0.3299336419489468,0.34703914992834883,0.1533650096145459,0.35976355556683887,0.13503863256996926,0.3662814914986962,0.4337171688645864
VISal,-0.28585369347257494,-0.2821458594712628,-0.20847703676881088,-0.3068655741862564,-0.2776753396198917,-0.22654528515206593,-0.11056078747531191,-0.08969693903907308,-0.2459173553266892,-0.04203854301406631,-0.027161091913657554,-0.27685893662991495,-0.30556840157224513,0.043808936774430936,-0.23518759182246557,-0.09568233912183917,-0.05919453944036369,-0.0820161880902887,-0.089978167031894,-0.05371835894920565,0.04642093973499608,0.05341254634479798,0.05461404414167027,0.08674835367677274,0.07083002774692747,-0.02442700416168861,-0.09067144311702996,0.031068109929865348,-0.16151206699424972,-0.05953804462177872,-0.15811217523046944,-0.28926115479387293,-0.09214184407181375,-0.16870319855501936,-0.08990622227495666,-0.2925914507563358,-0.0392087485468347,-0.19721715041396742,0.09953194276410239,0.09932504222464095,0.059429995079214516,0.0950789455914951,-0.02737927104109032,0.18326192977727532,0.0075271710950230684,-0.03399977328736221,0.007006600147411391,0.34674587654394723,0.12497509926777163,0.010083645438934176,0.13378701702390494,0.3299146074113282,0.19265226857436143,0.08045745454952385,-0.05504470859469912,0.41538839298250707,0.0427503377471845,0.07635247861592091,-0.18461407671000277,0.3854482537055457,0.514454748037677,0.47307026576033545,0.4303700330302382,0.6220783107881535,0.5722898618813574,0.4285862042003122,0.4947915097297074,0.4131934621493623,0.49241337676017805,0.37344900872817643,0.293601232500095,0.35583883426658425,0.09554272970198681,-0.06629615563977864,0.22984274675202324,0.1624630725582188,0.019131038195504765,0.3142757077745537,0.5245519437746041,0.49815633356969274,0.5183046215287793,0.3233335983996928,0.45431587772211673,0.40896146974998426,0.36487579249250074,0.5348677282975312,0.3730016625049308,0.5129813556186293,0.6424712420911451,0.4463555554609108,0.3832299124093345,0.5952831678973983,0.4977055381397057,0.46777407514688696,0.48910474047816666,0.7062095130445519,0.7231792340488047,0.30462051778000276,0.3940693225218973,0.46411245341470003,0.21219855866174847,0.37745321319931013,0.32008818867579225,0.5251569970052539,0.45385268563560044
VISam,0.12369695437254553,0.09507176357203892,0.21953295486617225,-0.05480772298892715,0.06971452510341802,0.3648177016220926,0.5827723111015581,0.3644741313443977,-0.09712546376470962,0.3096036305310003,0.2420020630145224,0.024606696492435833,-0.08975449728123877,0.3601249062165459,-0.06392044293961767,0.04969258876629178,-0.012489334828636912,0.11722098156704461,0.1891854519236707,0.42460486232504907,0.6952048706326979,0.3419857032194282,0.5131975717220002,0.5925364199939152,0.7206294304701767,0.3390544758244158,0.5906665714927173,0.7384962824753334,0.4217425621268799,0.542079682134539,-0.17255339688510365,-0.14071967179602846,-0.1468580335125332,-0.11997702981531262,0.24729854741845647,-0.12855535112754285,-0.10461563938826203,-0.09074588468241943,-0.17619921360413313,-0.16269720428923043,-0.22335260783136207,-0.0894395752736298,-0.21946256789336074,-0.11391171824941505,-0.16868714512705044,-0.20384823608110247,-0.21103811313876997,-0.10909417239293254,-0.17257854307306866,-0.20828595447982548,-0.11509410587751467,-0.12750957371669885,-0.21132332995395797,-0.08044832666443796,-0.0668820644450228,0.00964034051982052,-0.005609648522401103,0.11520320886608429,0.22784930588598884,0.5360296443952863,0.0257040736598002,0.02106091599405101,-0.007791577775990049,0.12784433191974737,0.11903073770542412,-0.08316092964323164,-0.09542870705818647,-0.03729624440283538,-0.02095742168690004,-0.10771742735326519,-0.14488878681508027,0.3858440644987712,0.5966248534251691,0.5031082764419866,0.5445002937223371,0.444011236189789,0.5595833937824595,0.4846314245504571,-0.0029307653310245508,0.14694906147316894,-0.0572562793582526,0.5132925908376653,0.2617900710246215,0.1352090482004279,0.4006376210869271,-0.011810282629101063,0.11827852032747127,0.2802132835702073,0.12702429608099858,0.3244645059959859,0.33421080521312285,0.05303577654615633,0.17431285664971272,0.1727931426816442,0.37588995832066824,0.08109488275631689,0.12087913292359116,0.4588174936723717,0.5919623744850195,0.49740335127625857,0.5133673000664754,0.5377144637261985,0.466767540102502,-0.044814401989959854,-0.060709159755643276
VISl,-0.04848336562920565,-0.0683945242462021,0.03134156147589715,-0.16295640920803411,-0.06162449727040238,0.12595041203574003,0.2848784184673238,0.1453866459366404,-0.18546709583551255,0.10695282347026541,0.12360995439673514,-0.1106535528638722,-0.16454172538310424,0.16952611223059583,-0.16545883515455706,-0.012915615247817654,-0.0370806902136235,0.0026870349341747246,0.04580711066759495,0.272913333471911,0.40714834894128293,0.17145935400559026,0.3050267495553328,0.3682159721598424,0.5186980600259908,0.1904691174055212,0.35672805035672767,0.48577335099634883,0.22740839033845106,0.3592348674019204,-0.19553897146211466,-0.2011981148877027,-0.13674094885082752,-0.1509347135418798,0.13752067184236158,-0.19672287000254335,-0.13234112426238248,-0.14219038552989452,-0.11855982981251251,-0.09497807596042393,-0.14512231058619354,-0.05226092454755232,-0.1786010784925654,-0.07628303689736758,-0.11734136218601846,-0.18264607688189155,-0.17687865086627566,0.04115510794436443,-0.10176324735552843,-0.11071977718864864,-0.00236792513866499,0.0519110694934882,-0.07543712442166416,-0.10571187979026603,-0.14371417273548248,0.07992139916086928,-0.052900150450589496,0.05481643102901861,0.06484440814708158,0.5416250573339583,0.16034621415239883,0.12287247655451947,0.10284385626013781,0.2843546612356247,0.22060389013779746,0.07605625032857252,0.11108906344712345,0.07579412686947316,0.13425670267917492,0.02769663484156665,-0.021071015479106208,0.45752018006111916,0.4624104710682837,0.32150449352260463,0.5104535348142879,0.39794422928607875,0.391862996637325,0.5583341356771068,0.16786544665133105,0.2998169853907602,0.19977557176519983,0.5540272103535799,0.44254751397025127,0.35847797004246373,0.526866721438831,0.26181383072063474,0.35612298548525445,0.5431653471254067,0.43611712363467864,0.5177913826384519,0.5081864747727998,0.3349282490386959,0.41533739751647325,0.4619881983510516,0.570472506964312,0.3389015789327343,0.47171419201919607,0.5575194037550697,0.6313333085628189,0.5858201991681282,0.5175558691591104,0.5629256893672033,0.5629027806188208,0.22850800470958074,0.16034902954877578
VISpl,-0.021490204232283195,0.00204705387575124,0.10350535138105897,-0.0820215274896263,0.0021047232842305325,0.1298726564780381,0.28919320701069506,0.24701332360543413,-0.07223806839152236,0.2348925903509152,0.1805071513456858,-0.005811470435641089,-0.07980930670597333,0.2548773953421968,-0.047098651462834644,0.145410656442986,0.006435747607045658,0.05949824266189104,-0.009907923483252602,0.13558874492434628,0.3866098666613227,0.16979197584681266,0.24950262694760011,0.30364003920864013,0.3880139666458918,0.10822270296810134,0.307893359833628,0.40865380593146466,0.19874002005516864,0.328565152571181,-0.07173419712503713,-0.09673206053900568,0.037474728870385214,-0.023926936587310457,-0.03551101223123888,-0.13718283267129838,0.08359453870970894,-0.008237029335897681,0.10038154056902461,-0.006526859487173968,0.09621809202381389,0.1858786385911511,0.110764441410854,0.23841247772692592,0.12794525448711505,0.11109927073500063,0.13068702948567207,0.306244779510879,0.16480508356531934,0.07226729747476521,0.10902152290601037,0.23339859827088305,0.07841332175821429,0.2894061398600439,0.18414622284001306,0.4247172794670553,0.29647977769829115,0.4064305048766189,0.15915273518727585,0.5007832821317084,0.39394734094658357,0.38293883615557656,0.381499325263829,0.45294690959634304,0.4545443719582958,0.34787086829126923,0.3221661898843155,0.3616553190587665,0.36958590957095105,0.30297487470843737,0.32304756434702875,0.2644886195921779,0.26362470436419716,0.17865314936026766,0.28520952326065613,0.13190681137851593,0.20247875653332528,0.23274171316539588,0.23185463539357604,0.1454824525027246,0.16377916640373116,0.22302983537903506,0.12073154189228372,0.1530798847426817,0.17658244929013753,0.22818786125908308,0.08438066749377217,0.17692853597133607,0.25836055333962926,0.16250368980585542,0.1999899529451313,0.3240417905545044,0.18505862284649982,0.1458849634585305,0.2517305750500206,0.44051286121614225,0.29218861159383736,0.28390236685545267,0.4867661943371484,0.42328100640493993,0.3260833664089057,0.477214578609481,0.26973941840436105,0.20158001170207246,0.3029790734480422
VISpm,0.3483202971708239,0.3405906526754096,0.37470061467359767,0.29721364955264806,0.39270733757348497,0.4570591598872059,0.4961418464957368,0.40663614815232746,0.2469189964840088,0.3209036237664847,0.31855981638466074,0.3342395585544247,0.30336327026542154,0.2716350028029774,0.2286710324514528,0.34767596558969144,0.24577462170631567,0.16956839765403603,0.1733668315629752,0.32492812288300577,0.4765255634648409,0.17790960989877996,0.262762566881549,0.29364374406424054,0.5140816529245494,0.19885383942584067,0.5741758891544325,0.5530402150745755,0.5402799027119314,0.5979843644432107,0.2091613620746225,0.26480611767272577,0.2962511509940263,0.28154148043242794,0.20775329498048692,0.22909010861157664,0.28756171141078823,0.31347290208206746,0.18268010678175903,0.08506453305969768,0.20265622026182545,0.319084674104389,0.2686475662821269,0.22821848854804513,0.2531725508261563,0.26844377916361906,0.25105992470337674,0.169278171884574,0.1694455947129162,0.1877505137741608,0.12812908507872128,0.10838230004389389,0.10801124635149892,0.3331738343929485,0.37129542052062336,0.2886708786065079,0.41442004946727673,0.5493423797516053,0.5079660784575785,0.5077305447826587,0.13213138208491526,0.15966878960075384,0.18462464805194978,0.16505552464985745,0.2055495725796381,0.14382949875005913,0.09148415120544207,0.16177949753564788,0.13427093522338954,0.18135630251552276,0.22298890986472567,0.23708656586946608,0.3698866553829679,0.32846978516911723,0.2942539105887563,0.1794612827637848,0.32865356561205816,0.13320291827272265,0.04225904209403677,-0.05665102863336338,-0.026912333319890513,0.1371835241567652,-0.12267979930144307,-0.08845851657436545,0.008674919839620312,-0.028797817764372298,-0.10771624970032605,-0.06946612353966541,-0.0775501514121832,-0.07216110862159436,-0.02472783690678686,0.016260379683362587,-0.08345793469738096,-0.09973011536001819,0.07143434069990179,0.08191017029638538,-0.07111147441983957,0.25142590132577625,0.42590215877174387,0.3237733251335478,0.3976657598951495,0.4572633151846655,0.22881247547106862,-0.03398020378522403,0.09347166257041623
AId,0.27065891414012516,0.276341474223079,0.41091592769416313,0.050256568461831894,0.09817180125470762,0.5183935204245822,0.6853301649518447,0.4892176314525484,0.09221400805751784,0.4742826172423287,0.4458098050562892,0.18034011170290387,0.027079118077695113,0.5235383660560976,0.16363749530590024,0.19688263372009218,0.20482710730510287,0.4202097301053377,0.5400207268197638,0.7262659507523844,0.7622066304835936,0.6278798720984493,0.7542780116621929,0.8097821769455726,0.7133268299780823,0.6952158077836986,0.581391390637899,0.714128180544358,0.4027825130204162,0.4735978375846937,-0.1481049645815863,-0.06438538506260325,-0.20846674495095158,-0.15497472473606705,0.6062415504737051,0.06385634962660211,-0.20995629758031623,-0.14031872325896136,-0.25072703846581296,-0.04607498268652103,-0.26073856938363643,-0.2517460608517382,-0.26285053499587346,-0.2395212153363449,-0.14165965653547713,-0.28572805354506225,-0.28243880846062164,-0.24743231487144507,-0.18165250055056878,-0.13449448208181106,0.0439850343432415,-0.13333044155516427,-0.14545054719610515,-0.22802648948890272,-0.2055268449545901,-0.2490161680319359,-0.13420229971152062,-0.144156181083335,0.13747191277266724,0.1260570972841309,-0.20403826723056231,-0.22985162408910723,-0.240482400575106,-0.19101498520988522,-0.20020681519574252,-0.28163235995988906,-0.22270135426530777,-0.24958778836556542,-0.21633560658753995,-0.3079959225495725,-0.3116005392771636,0.5141837011292072,0.7887462711898507,0.8359438719099128,0.7308426322020374,0.752051722554128,0.8435831619267015,0.7387306802779741,0.0024635389989858506,0.3247276608308968,0.03371121529333147,0.7526001134105121,0.6190265405323998,0.4453404512433579,0.7488249699027013,0.06425222798804679,0.5046152662687533,0.5060977091104468,0.21276727527986747,0.6348009412513895,0.6802011631183024,0.0497722372098908,0.3975491821077709,0.4426294094947889,0.4216439013787759,-0.1672036823662913,0.11324573421075058,0.4675369223590164,0.2780152703226112,0.22047655934379912,0.4402324244905126,0.17853587860367512,0.5369071915291124,0.040689452708231086,-0.0763766980699038
AIp,0.1797422229590827,0.10211643463210386,0.18421850912165597,-0.0055202397696211694,0.10333294285519998,0.4059351944366212,0.5371849377089369,0.21243937970667728,-0.08770899221679121,0.14786054159332332,0.14532815614639286,0.0005509385121364939,-0.03802310738411611,0.19527554351694232,-0.04990143651119581,-0.017443462900753694,0.021347524677169064,0.1036577223514444,0.2747347028605423,0.5464726693233704,0.5996096251016362,0.2855097733436762,0.48202979892843706,0.5704895449808178,0.8604597459261829,0.403837742029185,0.6603104590984054,0.8068075133910433,0.5140584691858603,0.667742985629363,-0.11769092829029917,-0.08822248867238049,-0.14791897935519796,-0.09212198243728133,0.4834518187500531,-0.03887623249766072,-0.1479427943794438,-0.07207038670596373,-0.19084118000030237,-0.07243916173462561,-0.2667056723017972,-0.15687014653799186,-0.32751602146338643,-0.30232425728535234,-0.2651241329910329,-0.31495059676229187,-0.32767374768309415,-0.279030806926962,-0.3043338472670135,-0.26481579572390757,-0.15972881778389272,-0.24742066418557235,-0.2056519601859599,-0.30658157646315704,-0.25453493617191425,-0.24980844239324146,-0.2532881974932361,-0.16476253065598948,0.18475244553776923,0.40640237489434783,-0.12628621742580784,-0.14449772290211638,-0.15699298785246232,-0.05567447346930536,-0.10372223501400021,-0.24007490211304547,-0.22498478183538848,-0.1872662228149518,-0.16164342325368744,-0.26868455144706044,-0.31616821778849025,0.6307649891219552,0.8476533383436539,0.7004457038783289,0.8576083451559411,0.7993960898747614,0.8221164344425218,0.8828881963428264,-0.06570835405654812,0.27856136327156694,-0.06416568056080373,0.8898579437856297,0.5788340072154434,0.26912397885523814,0.7337451015052785,-0.048189472647391825,0.3525600795024297,0.5860719729041324,0.14067421632604873,0.6388254827964138,0.621155945273827,-0.02809068959258366,0.2546206599040466,0.46586416662285607,0.6427768795169766,-0.07664670209698903,0.1558169264991818,0.7629334585766437,0.607629534655306,0.5097632333563549,0.7439694436333675,0.5003583430882319,0.8215540092330156,-0.07172467001576108,-0.18558842248288138
AIv,0.4152597119899631,0.314509315029285,0.3280385059114245,0.20671690874333837,0.33612287923345524,0.5994126452011763,0.6890028148543963,0.3446510861759201,0.07800613215976944,0.25424016418488815,0.22621882994785222,0.19402857080834265,0.14767296329485968,0.25044253195005417,0.09486239433407471,0.0903556407720455,0.13079801546709316,0.15254598676277725,0.38771904300487625,0.6600286192037126,0.6649505591802044,0.3225293539284077,0.4996797284612681,0.5693936297004458,0.8537602942076081,0.45746783524952,0.8038437423019394,0.8781522207949083,0.694076925718088,0.7658922719496292,0.015635128418078507,0.0894289134232993,-0.026990007466546357,0.052530984198630386,0.6037025216389224,0.12970431642703434,-0.009335928794421824,0.09903372040625188,-0.16039041472254012,-0.08288307852414503,-0.23577294385265202,-0.0772871523169991,-0.2622554178373406,-0.27983987450638576,-0.21153118331367637,-0.24409372591119521,-0.2433950139346838,-0.3243712397267773,-0.29986507646668964,-0.25108637008200535,-0.15912052590239847,-0.3008503685258156,-0.22056328031003114,-0.2314334739678431,-0.09351067105062558,-0.21463337466848145,-0.10731002459330159,0.03294612290449118,0.4287493365303164,0.4999960381331894,-0.18704417475158788,-0.18063635846482518,-0.18938933178813494,-0.12691473598993602,-0.12609124130962926,-0.3021368273080373,-0.3107585898182364,-0.22675226447244753,-0.23052663174657884,-0.28588850179333963,-0.3274413662018624,0.5287977092626497,0.827135796119872,0.7471240557228843,0.7818983239679779,0.7804713727520851,0.865796451605328,0.7227435598020129,-0.1534604341673653,0.13551308837861137,-0.21658398915291346,0.7255834756516133,0.349183759480701,0.0982739076944677,0.5255158240340269,-0.18966656186465164,0.13080544766183455,0.36676631367894386,-0.03874440423811927,0.41707145860698847,0.406850420474751,-0.17153952875344688,0.07915856561201408,0.22889897711709678,0.5001568346070576,-0.20015492914791397,-0.04989712907620689,0.6689566566217949,0.5532509026742353,0.49879146221426496,0.7016815663877342,0.5314733662076804,0.6987002927079877,-0.21155546356170102,-0.27220943677864934
TEa,-0.040895629609221155,-0.1667025388655159,-0.13387935022692574,-0.18155538498468626,-0.028803778561539893,0.12508907640848804,0.2744697074358361,-0.08025278810545386,-0.3256529797018882,-0.13630154798854816,-0.14329324945830602,-0.2607374888853528,-0.22779417797982385,-0.078147485972956,-0.31013759035397087,-0.2567906523874895,-0.2096477512455758,-0.2096667079094859,-0.02675315361027243,0.2729611952671142,0.38089901670838794,-0.005197974284736848,0.19764608101994768,0.3066907851718106,0.7392912271691919,0.08533500455759105,0.5093948518663263,0.6816360836793666,0.374581103073058,0.5343634946804281,-0.17345973499120507,-0.22957726923341915,-0.16191609506835986,-0.13434398359286537,0.23483682894350247,-0.2481997070050155,-0.1435457633872919,-0.11181042464814889,-0.15279680798781733,-0.13315198870579284,-0.290047452371999,-0.10154058333672776,-0.397425266107804,-0.3117972658547809,-0.3824412380898425,-0.3750288654876322,-0.361888147545783,-0.21615328963044836,-0.37645692435165173,-0.3896681984069036,-0.29491121487020033,-0.2510553653800838,-0.24040637909118195,-0.3522638408707207,-0.313974327682246,-0.14106548273481018,-0.33186455633445583,-0.15521391183870448,0.10009069874428542,0.6557601444739973,0.06416648377574966,0.039481184833510666,0.014859483164920268,0.2052879803072292,0.11747817595994042,-0.10223729846764129,-0.10003333325919891,-0.033476742077821545,-0.0022720930151896423,-0.14815118155745938,-0.24560481589607844,0.5947117289466304,0.6458367436887392,0.396582587331614,0.7216869122736135,0.6796740971747331,0.6035579568160407,0.8524668378445801,-0.02363418544496811,0.29280226544738697,-0.06388630556828821,0.8615096081807263,0.5440803723516772,0.17429378072818597,0.6288358236786955,-0.019143064489760126,0.21222961195523848,0.6734372736005663,0.23751458622252422,0.6113448777207551,0.5301483562309983,0.05459142541163383,0.2209309493129582,0.46996519364772876,0.8373218802453963,0.1702913300810832,0.3487758337110071,0.8652824586328477,0.8226165355845193,0.7909054178768422,0.7950613016110147,0.7278182275997531,0.8882114587883376,-0.05445119559912373,-0.17358254473644716
PERI,0.0009085141802810529,-0.1241750102178317,-0.12398700720546013,-0.12456026499209119,0.018606077955231927,0.1432370252317281,0.23639864110459155,-0.10767224089495919,-0.2847972603148917,-0.1737789165239862,-0.16661679460961296,-0.21808400429406805,-0.1729163532329837,-0.13019674813302662,-0.28325293385087946,-0.2558189401337248,-0.1996252180195086,-0.22603118570985173,-0.03749312645986895,0.25814506516254015,0.29890227809353587,-0.05629909357947311,0.13126270051005415,0.2338871676106746,0.7165681841919113,0.05830447422273066,0.5034458840479049,0.6426857452835744,0.4011937805417218,0.5740524715177602,-0.1425292039112143,-0.17450715798161262,-0.138727619125862,-0.10067285273536299,0.23646492667914942,-0.19785644395064686,-0.12966473140998075,-0.07319682746462192,-0.15482915836668049,-0.1471237685155229,-0.270834063751221,-0.10388849560116434,-0.36452422128007494,-0.31124438706461066,-0.35356614001988806,-0.3459925563567501,-0.3329452744917029,-0.21832743373839855,-0.35838018795054255,-0.3509131858436733,-0.2667305334483009,-0.23540650887212006,-0.2347376366882697,-0.353019438854289,-0.29885706810378665,-0.16713751570026544,-0.32442795656877127,-0.1424904630270181,0.12255996055072087,0.6557610396768176,0.027077027813403418,0.0029954929970886306,-0.017343536612241542,0.16389543626887343,0.0690790850478079,-0.11645878303278613,-0.11783975111903813,-0.059937200727287025,-0.035211517988353105,-0.149972138772308,-0.24953793767136573,0.530323564151149,0.6208549596372545,0.3708030930848681,0.6994219082852488,0.6348386452277728,0.5659218656964363,0.8716123072753367,-0.06911837406723309,0.20688681396405956,-0.07376368537530306,0.8369719627747763,0.5182961308579337,0.19459667939503777,0.6407848272680309,-0.00692486224860621,0.22275709075450628,0.6843833791486346,0.22899591301515074,0.6264301492099247,0.5360086193949646,0.05271148414048464,0.23170624321356809,0.5184869935378932,0.8632785496158439,0.14535639777470605,0.3350087245924506,0.9348962185633493,0.8475424912919515,0.7906589728390679,0.8746871626760102,0.7479027201450814,0.9361855413225046,-0.05416401950017088,-0.17672853797431823
ECT,0.14436421674224467,0.008225559270709348,-0.00535644106798001,0.013914613725657178,0.18340468359322212,0.2880506304817217,0.37048073791848546,-0.005545014812136033,-0.18322026239778363,-0.10382992481822984,-0.11007294205021823,-0.08785533394272298,-0.03785355701048026,-0.09054237448500693,-0.18570122018444768,-0.1604728576713674,-0.14086386755098598,-0.1998096432084412,-0.012773915300815822,0.29515527911606126,0.3860375324733627,-0.0662404478116373,0.13662360691998326,0.24204658057307862,0.8077913561532819,0.05250895421397183,0.6656762615140639,0.7675456360437499,0.5814241471343374,0.7504173879809846,-0.04694781475453334,-0.04402370015572169,-0.030472211170277663,0.0203312150126084,0.24952255276610277,-0.0908394024211473,-0.01304856619321517,0.06244744708072778,-0.10509798118651631,-0.1427209558081018,-0.2127732417381746,-0.009472005685485297,-0.28125824805124544,-0.2580580277519802,-0.2882833650833169,-0.24754211546625562,-0.2500495422087206,-0.22721706847563422,-0.33030456431972244,-0.3221252719670339,-0.28743542423930163,-0.27924024515832685,-0.24633352980238607,-0.25083764194613595,-0.15630837133453862,-0.1295904485824346,-0.19957863972193862,0.023706556317938946,0.3127960291397277,0.7410332209848743,-0.010772417282248009,-0.01075539812839162,-0.024311035699967787,0.11496184418164292,0.05300200090222549,-0.13981388623000626,-0.1859053627695354,-0.06972852029315589,-0.07089063436234058,-0.1454733976760737,-0.23127015823491398,0.46233961344669455,0.6356672902853474,0.39956095228383887,0.6700477250660832,0.5649384266224092,0.5832168504124031,0.7251925563104484,-0.17462358993160262,0.04862470898945225,-0.21319707820181524,0.695536950227809,0.2667794508370488,-0.01117117545069267,0.4289279578325627,-0.15936382850935132,0.0077747971190259705,0.43778568581780636,0.00842962439794674,0.3843990990278655,0.3257152327155015,-0.10767369011975751,0.015898819290928186,0.277259534081659,0.6882440859487327,0.0345814733763143,0.10916582771402963,0.8745979265476418,0.8816289367083083,0.7679539893027583,0.9099866549443586,0.8115834871847847,0.8546472563065106,-0.20473834124411577,-0.2648899391076798
AUDd,-0.13156356755122484,-0.16418062792052773,-0.10484126237852621,-0.2138389971009337,-0.16725626190736487,-0.04822760619233224,0.06001236950650977,-0.01538162157646865,-0.1778054256210374,0.015638648199997995,0.04528971218962328,-0.1978295127131391,-0.2196434561225804,0.10421757374081721,-0.1490275604307796,-0.06389484819736549,0.014722727545523697,0.01621783656760783,0.10575342534458601,0.17178622767710341,0.1972700240760096,0.17825493785357815,0.20885151957605924,0.2328686316996416,0.255199342804225,0.1652401827234755,0.0917819900385487,0.21310252898694107,0.01489061984328955,0.08626544788547236,-0.14642687835512563,-0.2353582372731647,-0.12885566372684182,-0.15617634661549243,0.16596243156114338,-0.19058898081272435,-0.08071842685121094,-0.1771371754723394,-0.004708846684800345,0.09338442624726186,-0.06500349225476244,-0.006657259014970817,-0.17926271340711258,-0.003922794294444045,-0.10831598881791112,-0.17645572947024304,-0.1307750716999397,0.13881280953983088,-0.022716238290789167,-0.09404129765129335,0.0615037165056433,0.15379890677825508,0.10394695682134493,-0.10196846230025496,-0.16790876343669076,0.1788131067769192,-0.10061160698373907,-0.060790459152000306,-0.09069171116595834,0.41239003907195804,0.30769147744744885,0.2614071470281192,0.21611958167642392,0.3995057570584024,0.35299839335628425,0.20292640706975407,0.2796443554393556,0.20093818952804465,0.2909450141915713,0.1515314158459147,0.06368468632593631,0.5159288960971292,0.33051850639319597,0.17228133592188874,0.4443983547763177,0.4284083653367593,0.28898325235901595,0.5092353300985719,0.44082713666349876,0.5617047740458869,0.4020724097668451,0.5421053691037931,0.6010088562035215,0.4591257316003697,0.535376153135862,0.41573870404996394,0.4619507337754619,0.6395023076833312,0.5921284756741274,0.5832818847698614,0.5274554054824687,0.4539920722246383,0.5212681587125944,0.5383472775520429,0.6082769117280206,0.48709790202388553,0.6458875550297285,0.44462517870007984,0.44257805224673913,0.5321662288683334,0.3317159023574529,0.41638397859642673,0.485125787627626,0.44336159829106614,0.28602970415410395
AUDp,-0.02122559113569668,-0.07412066397581603,-0.013821781901323145,-0.16893172526565323,-0.06939155295901617,0.13561386108014148,0.2808490857167728,0.08459886169128913,-0.19394497543724776,0.060302383294933655,0.09191399465450956,-0.15524628477335542,-0.1979719587525383,0.1401131992759513,-0.16503359894041358,-0.0837308158493957,-0.029289004266250623,0.016491473943610575,0.16377166724100725,0.37021661884249724,0.40025970246536935,0.22872760993083605,0.34210075365845927,0.3996940662658763,0.5007764981384014,0.2779794369262729,0.34407869413560294,0.4739532643505596,0.22146078842838007,0.30613233031292525,-0.19896552063976278,-0.2335821663294119,-0.20199174774633383,-0.1893014316002073,0.3011160244978095,-0.18628997342656392,-0.1737411037049841,-0.1789653816370941,-0.16688511718315435,-0.06979721140261416,-0.23690752155373532,-0.14031045270215872,-0.32457152739887896,-0.21311057822570492,-0.24465464573619317,-0.3236808817428531,-0.2972033160174561,-0.09259615508148564,-0.2188057150365206,-0.2331684757216379,-0.05540295730683653,-0.034182368453125646,-0.11096736093458204,-0.2687190729214928,-0.27190381627287974,-0.03622180129300241,-0.19942014402826522,-0.08959187964644169,0.03626858719183561,0.47434663034839525,0.10574439448546824,0.06166064474163296,0.031130926842977826,0.22704650946837715,0.15580713111042013,-0.029929691299444172,0.03971112252238955,-0.00019764881612526289,0.06399885363099368,-0.07475426421416856,-0.15604905440361358,0.556637257833186,0.5199453486414869,0.4031906048581074,0.5876903317041825,0.5823569278728954,0.5207824682832582,0.6877918633351788,0.20902909119689198,0.44821123112053746,0.19496414218653346,0.7037257442778443,0.6278326064912999,0.4302686353135317,0.6552704170052999,0.2562794098791757,0.4464429239348131,0.6920526527622021,0.47420753939211385,0.6563040119588471,0.6159351733222707,0.2985964434941916,0.4778252711017738,0.5544368328607542,0.6937406933725853,0.2826383759666377,0.5124339877370013,0.608034972668824,0.5542796703654046,0.5938197212958688,0.5089123198968888,0.4973406691248105,0.6421546621258138,0.24135301594337247,0.07867907749988025
AUDpo,0.0061256315017463436,-0.13029903038702906,-0.11640608257096512,-0.12790872793159647,0.04535153480685438,0.15618882099827186,0.3034200780553174,-0.06239802423065041,-0.3040651671740682,-0.1244669406313482,-0.15938896730991223,-0.22510227365135063,-0.18453454700668234,-0.09166244810395567,-0.29748913688222567,-0.23771085773140918,-0.21551101708396814,-0.25052720886213925,-0.0683986445545608,0.2526560669153719,0.39202658607539514,-0.05428938410200725,0.14990983499608743,0.2721427616730666,0.7323445027401512,0.026808470863732857,0.5668734633528189,0.7199878637979399,0.43803707040214496,0.5996389408832279,-0.1253251981336585,-0.1773321927216094,-0.10344853693848405,-0.07314128341420587,0.20639095238641497,-0.2231794398522314,-0.07143036866119074,-0.03893140463344596,-0.11791557513944287,-0.14069254307162393,-0.25248389656802195,-0.03905677671081978,-0.3474156115278826,-0.2710841858533352,-0.34801017804463574,-0.3171352603518002,-0.3023576954657292,-0.19302879984700744,-0.35977556127298665,-0.3713846894337488,-0.3024090663386753,-0.24987531640197186,-0.2376791062166791,-0.2908276339205879,-0.21838422021841336,-0.08602247977276262,-0.24700690016904778,-0.0402419764463573,0.20224079523395017,0.7414948493601045,0.07699231746339674,0.0697762122488341,0.04657080744696127,0.22064958501622198,0.15283854208375464,-0.08194314816995467,-0.10089807158507098,-0.004275301790119849,0.010568244321929491,-0.11618564548219769,-0.21106834432863492,0.5417812406776078,0.6025524406559392,0.3628506665219384,0.6784850195547832,0.617791559150775,0.576188639984073,0.7608714493941416,-0.054401197983000305,0.2133724034410339,-0.12983185758872665,0.7710138182376706,0.4119058138047993,0.056645255758573106,0.49824310139920974,-0.08085545208349913,0.06878861764375903,0.5466518000418682,0.1531277086335105,0.4804552567046918,0.39967486267594077,0.007215386398654571,0.11048250617726268,0.33982698794371213,0.7669460576871342,0.15785777224775044,0.26218073898803007,0.8276089713603682,0.8420369356562828,0.8286073383459731,0.797786913090957,0.7908831998750729,0.839454018664346,-0.11853968946946651,-0.19435977046085876
AUDv,-0.13392635408530865,-0.2099391360639294,-0.1339231592960815,-0.2791997312178975,-0.18674359481133093,0.041821505063645445,0.212251016040162,-0.04427099062104581,-0.3202144629361269,-0.05120726556785847,-0.041821857133452975,-0.2954986689580623,-0.30941672689085686,0.04754314867421395,-0.2816326383204346,-0.2208514984785838,-0.13542936579323558,-0.05602431167033491,0.1019850379724248,0.31980970579983836,0.36770562129186735,0.1787136098390993,0.33146752580034183,0.40474917911390246,0.5781909941141359,0.24203650794182383,0.3085945754247811,0.5047476432337457,0.15628255552214382,0.28247288092566597,-0.2459699970687799,-0.32520447369850036,-0.26040522750996153,-0.25194263799100697,0.296045076269897,-0.28141217997075785,-0.24996035946564915,-0.25323201068036827,-0.18206152133873219,-0.05991734303241031,-0.30479502438185935,-0.1959124818603899,-0.42492204813271867,-0.3111420278622276,-0.3637592272073249,-0.4220398240994887,-0.4023050238205922,-0.17667849233724262,-0.32110965484040593,-0.333463438170396,-0.17271734732403604,-0.1415977613938695,-0.1532343660346171,-0.38484607091353024,-0.41309748959643194,-0.15028312318870013,-0.38058230397636833,-0.30276071407983757,-0.09673362290569594,0.3901605415789915,0.08583665911878544,0.03473218354411648,0.006441227706453171,0.20088416752860191,0.1066028451248516,-0.07848924953091095,-0.00891197472893888,-0.03130478524975436,0.03319311870431244,-0.14978216421817994,-0.22913857881518532,0.649137861690793,0.6080568970448001,0.44049002868078063,0.700839345081358,0.7279687527474495,0.596997204690334,0.8742807246965467,0.16909778733403608,0.5354257381883255,0.1584679603026414,0.8977011389953126,0.7947971432056605,0.4465202333770151,0.8043179810640775,0.18488181821968713,0.5062439952503186,0.826667787328084,0.4698130508310857,0.7960373780063005,0.7341330862009146,0.24338367076392395,0.48336764136036553,0.6594830068531723,0.8161264359108243,0.24182884736763008,0.535175291248068,0.7171557164953818,0.5830076691472993,0.5904028084773276,0.5771233541320184,0.4668756179941355,0.7756829566585376,0.17329145646495853,-0.0033642473330228705
GU,0.21826116033838572,0.17892547424424707,0.30193619157082247,-0.0021789651156704907,0.0827424011936494,0.46926469307799373,0.6568526024097477,0.3888103975418387,-0.004346031213087788,0.3613938142676952,0.3318462300977889,0.07524524192435121,-0.032939556026298174,0.41337081124263303,0.060579686017948366,0.10764441522787062,0.13161847461138768,0.29591390365039977,0.4471464278097841,0.672410677137365,0.7510939294650335,0.5175538235429812,0.6848576024916952,0.7568679143995577,0.8015571279342827,0.5953430078162589,0.6267322092059499,0.7894570266816752,0.4495304340468206,0.5411896267716975,-0.13643870439471112,-0.10190485421135825,-0.18424767633562647,-0.1370855781202099,0.5770314623044147,-0.0055439107619210835,-0.17523769341454085,-0.12123755325251066,-0.20523871201716398,-0.026275298374671345,-0.2641991008560676,-0.1951027363215941,-0.3064070701462268,-0.26745516564603883,-0.21172674802599092,-0.3101619997061101,-0.3143403903529656,-0.2617491918812266,-0.24803776299056082,-0.21638459023080706,-0.05680687434497626,-0.19015921627340399,-0.16150028616804155,-0.25656604311028913,-0.2252942472911388,-0.22351764834625162,-0.18069227648083433,-0.14643272359353324,0.16394522718719204,0.24650559241878145,-0.13868226622233346,-0.15803986573439197,-0.16922354772412496,-0.09917843092000257,-0.12118084846113435,-0.2526688407994614,-0.2087994468594428,-0.19358959210473003,-0.16399462057454425,-0.28405714204821797,-0.30510905850003617,0.6151701292061168,0.8338867476882383,0.8034404233953739,0.8056124417256803,0.8266522479899461,0.8757149536244085,0.7736891521170953,0.013987127789513413,0.37526534273556805,-0.003588804499795112,0.8151782270884569,0.6094567002698213,0.3394337562878734,0.7094381452951392,0.00215977563740254,0.414011758887529,0.5130258864191584,0.17217457497889904,0.5989369718669767,0.62638665918297,0.007121865913761605,0.3104317434162395,0.39631237394872,0.48073661685082764,-0.11555074847477834,0.1203502497773445,0.5357873908298436,0.39081709443831764,0.33018432092529565,0.512262930391097,0.3057971124771485,0.614428169509096,-0.011980277654614927,-0.12249397290768
VISC,0.07170519700525607,0.04225812394594834,0.18238617797934356,-0.09043445646433365,-0.05226354954481132,0.2801643363499958,0.4291220048309471,0.2362824115538198,-0.04185438873102838,0.23982002534158373,0.2609406665136992,-0.03659995172030918,-0.0916333929632265,0.33394000528518486,0.02840942389430836,0.07112854249950658,0.16104598567501052,0.29580906679718,0.4032555013142339,0.5460210358993707,0.5671295476495547,0.46802964502231226,0.5903719295337664,0.6467083977472246,0.62811053827634,0.5328252749830006,0.38937206960662557,0.5606904960916846,0.2438450701686496,0.3569970902773417,-0.09439071302957798,-0.13647588687471943,-0.15667469859524172,-0.13646460917879794,0.5145992832047583,-0.029776716533772913,-0.15782728762111103,-0.15499706135316793,-0.0807185843854807,0.15975458518909766,-0.15912648832617238,-0.1451439628948424,-0.2591077144873599,-0.2107572386515078,-0.16790933579128894,-0.2557141055273219,-0.2743143112921131,-0.16738810872256837,-0.16797762438314925,-0.12167014131260238,0.023700316278709145,-0.07185549530683386,0.014659876734628902,-0.24589509418486827,-0.272829195046327,-0.17472059366754927,-0.24389030335288917,-0.2714690492901233,-0.014316352642525622,0.10847794646027066,-0.02838142377184874,-0.05892602394870655,-0.06875919168157764,0.0076866458441077565,-0.042319290193725385,-0.13847127571330917,-0.05012515817235936,-0.09053629363455898,-0.03938907557142599,-0.18042696253600282,-0.20519772249929064,0.7206920120330919,0.7273106555219122,0.6712767036032622,0.7738802587281449,0.7750322888490341,0.7306457555641777,0.7531705920541087,0.24486007013724714,0.6164889519305566,0.23704039329625243,0.8189934504750797,0.7733629735009466,0.46281779235625803,0.782405930749883,0.16584789925347132,0.5913321391246872,0.6128354293789151,0.3247742801456524,0.6999414984982203,0.7009684089160931,0.1522535522623581,0.44335287267465073,0.5407047016896922,0.49555168252608917,0.029567811076269858,0.29530837625256867,0.47713998296098575,0.2994236208562551,0.2441915275596932,0.41693577282499755,0.19306441411221092,0.5720355300259415,0.18851322320003677,0.029956924405139997
