index,1,2,3,4,5,6,7,8,9,10,11,12,13,14,15,16,17,18,19,20,21,22,23,24,25,26,27,28,29,30,31,32,33,34,35,36,37,38,39,40,41,42,43,44,45,46,47,48,49,50,51,52,53,54,55,56,57,58,59,60,61,62,63,64,65,66,67,68,69,70,71,72,73,74,75,76,77,78,79,80,81,82,83,84,85,86,87,88,89,90,91,92,93,94,95,96,97,98,99,100,101,102,103,104,105,106,107,108,109,110,111,112,113,114,115,116,117,118,119,120,121,122,123,124,125,126,127,128,129,130,131,132,133,134,135,136,137,138,139,140,141,142,143,144,145,146,147,148,149,150,151,152,153,154,155,156,157,158,159,160,161,162,163,164,165,166,167,168,169,170,171,172,173,174,175,176,177,178,179,180,181,182,183,184,185,186,187,188,189,190,191,192,193,194,195,196,197,198,199,200,201,202,203,204,205,206,207,208,209,210,211,212,213,214,215,216,217,218,219,220,221,222,223,224,225,226,227,228,229,230,231,232,233,234,235,236,237,238,239,240,241,242,243,244,245,246,247,248,249,250,251,252,253,254,255,256,257,258,259,260,261,262,263,264,265,266,267,268,269,270,271,272,273,274,275,276,277,278,279,280,281,282,283,284,285,286,287,288,289,290,291,292,293,294,295,296,297,298,299,300,301,302,303,304,305,306,307,308,309,310,311,312,313,314,315,316,317,318,319,320,321,322,323,324,325,326,327,328,329,330,331,332,333,334,335,336,337,338,339,340,341,342,343,344,345,346,347,348,349,350,351,352,353,354,355,356,357,358,359,360,361,362,363,364,365,366,367,368,369,370,371,372,373,374,375,376,377,378,379,380,381,382,383,384,385,386,387,388,389,390,391,392,393,394,395,396,397,398,399,400,401,402,403,404,405,406,407,408,409,410,411,412,413,414,415,416,417,418,419,420,421,422,423,424,425,426,427,428,429,430,431,432,433,434,435,436,437,438,439,440,441,442,443,444,445,446,447,448,449,450,451,452,453,454,455,456,457,458,459,460,461,462,463,464,465,466,467,468,469,470,471,472,473,474,475,476,477,478,479,480,481,482,483,484,485,486,487,488,489,490,491,492,493,494,495,496,497,498,499,500
mAmyg,0.0,0.29389548,0.0,2.6053584,3.358601,0.09464152,0.0,3.5688734,2.468409,0.36948478,2.2852178,1.6554327,1.2940737,0.0,0.0,1.8008748,2.8800225,1.2858614,4.2145605,0.0,1.0389957,0.4285211,2.3939233,0.0,2.4979115,0.0,4.1552954,0.0,1.686098,2.140894,2.3898568,1.8046515,3.2763414,0.0,3.0512438,0.0,0.74732476,0.0,0.029252518,0.8001397,0.0,1.010396,1.3356577,0.0,3.1707535,0.31183022,2.2185585,0.0,0.7617552,0.7546068,0.7926929,1.5276582,0.12672713,0.0,0.0,0.0,2.435609,2.4447978,0.21316792,0.0,4.45797,0.0,0.0,0.7483088,4.1336703,0.2543941,1.3409851,1.2487447,1.0165914,0.0,2.4697614,2.3253806,1.2414484,2.3179817,2.137024,0.9640986,3.3266225,0.24549046,4.1810775,1.6014916,0.464744,0.7712836,3.523134,0.0,0.0,0.0,0.7704315,0.13622785,0.0,0.0,1.7868648,0.0,0.0,0.6423423,1.4866294,2.214974,2.524962,0.17541157,0.0,0.0,0.9021099,0.9170311,3.2613578,0.03198737,0.0,0.0,2.1889641,0.14999291,0.0,0.43976572,0.261105,0.33728796,2.4967349,3.242924,1.2369759,0.0,0.8707144,4.823399,3.6701946,0.48298302,1.6307343,0.0,1.9643481,2.3820636,3.8259523,0.0,0.6907678,0.16424933,1.0273675,0.43195918,3.139116,0.0,0.0,2.1578956,0.0,0.8708943,0.0,1.0424017,0.0,2.6184406,0.13593496,0.0,2.6133854,0.960142,0.0,0.0,0.0,0.0,5.381072,0.0,0.28317824,0.0,0.4495807,1.603479,0.0,1.2414625,0.31953013,0.0,1.0517628,0.0,2.4982562,3.0138144,1.2065009,1.4791303,1.7046663,0.2026004,1.7141811,0.29306397,0.0,4.219847,0.0,2.5835462,0.86284834,0.0,1.9719157,0.87685156,1.3512621,2.2740502,0.7943965,1.2595527,0.0,0.0,3.7113762,0.5811506,0.99120945,0.0,0.0,1.0434602,5.136363,0.10722679,0.0,0.0,1.5123862,2.4207797,2.777329,0.3618552,3.7021983,0.0,1.0897354,1.9954097,0.0,0.0,1.4724982,0.87801844,2.3305385,4.3400483,1.6831602,0.0,2.4632983,0.43268785,0.8353346,0.0,2.365495,3.3112147,0.74986404,3.977831,5.6423106,0.0,3.1472397,0.0,2.356595,0.0,0.5709625,0.16698891,3.3616807,1.7895305,0.19995253,0.6621082,2.270293,1.0244379,2.1752248,3.0521965,0.0,0.27489248,0.0,1.7840558,1.9671295,1.3458868,0.0,1.4089459,1.9867966,0.0,2.5728931,3.641547,0.0,0.0,3.2004676,0.9084328,0.07825937,0.0,0.74408823,1.7554909,0.0,0.8912293,0.0,0.0,3.4764504,0.0,1.7574416,0.0,1.0787907,2.8689153,0.0,2.4736435,1.3391315,2.3045793,3.0633266,0.26803607,5.4413633,0.70136565,3.519065,2.8259633,1.2402264,2.6303866,2.885572,1.6658161,2.8884003,0.0,1.3768231,3.551144,0.5296843,2.3459284,2.3744867,0.5718363,0.0,0.8852158,1.7919793,0.05191402,3.7363799,0.0,0.6337586,0.0,1.7085946,1.1389997,1.0221993,0.0,0.0,1.3425756,2.4055903,0.0,1.291469,0.5407102,2.9961064,0.8984508,1.5877014,0.8872001,0.0,0.0,2.0145793,0.6723515,4.211679,2.6284897,2.2270472,0.9932508,0.0,0.0,0.0,0.0,0.0,2.5519161,0.0,1.9337015,0.0,0.52720785,2.1801045,1.405302,1.2512288,3.7142181,0.0,0.0,0.8282712,2.8772056,0.0,3.6627781,0.31551763,1.616288,0.0,0.0,0.0,2.4731798,1.808047,0.0,0.0,1.3699682,2.710683,1.881715,2.4198844,0.0,0.83383363,0.70450497,0.23124382,0.92775065,0.39184207,0.99930406,2.4349573,0.86960983,0.48632142,0.22092715,2.047538,2.1173968,0.0,0.65424603,1.0507694,0.19662686,0.25311762,3.5793483,0.0,1.2210152,0.6450309,2.95277,1.5250235,0.9638665,2.094581,0.0,0.093315534,0.0,2.716461,0.0,1.4795445,0.0,2.1156805,0.0,0.0,2.059363,2.7837744,0.0,1.4083813,2.7434444,1.5311162,0.0,1.4012946,4.167857,0.0,0.8927596,0.70093834,0.8962067,0.0,1.4448109,1.7940518,4.1838884,0.119063266,2.3405871,1.9657614,0.055278722,3.2999518,2.0495026,0.4730708,3.415009,0.0,0.0,0.47932228,0.9965621,0.7862371,1.9352531,0.96475923,0.19211826,2.846906,0.3198698,0.0,0.0,0.0,0.44160497,3.427017,3.451787,2.556185,0.0,0.0,2.0999842,1.154535,3.2870448,0.0,1.3686649,3.1504338,0.0,2.386026,2.1818426,0.0,3.00707,1.6799908,0.0,1.9804643,1.7239983,0.0,0.7041229,0.111217424,2.4210067,0.0,0.98400897,0.7289118,0.13379143,0.0,2.5047052,1.3207939,0.0,0.37619472,0.06770123,2.012707,0.82851803,1.1381804,2.9614542,2.644759,3.3894684,0.04529994,0.0,2.0727499,0.0,1.604013,1.0165919,0.0,2.257353,1.5700282,3.1875575,0.7568266,1.9122537,0.0,1.3792837,0.0,0.0,0.12380871,0.46971118,0.0,1.0736727,0.28232786,1.4863307,0.0,0.0,1.7425461,1.4150512,1.9217124,0.831385,2.3700519,0.5284481,0.33650064,0.23279347,1.9060513,1.0725462,0.0,2.4420283,2.8856313,1.745194
lAmyg,1.0795362,0.8063449,0.0,3.3555229,6.4056826,0.0,1.2410079,5.0589366,3.4428644,0.5455549,2.7167723,2.83093,0.2879181,0.0,0.0,4.0964723,4.2151117,1.0167634,4.864148,0.0,0.11150001,0.8400666,3.0657208,0.0,3.7255423,0.0,4.622603,0.0,0.0,3.3129668,3.3311887,1.3788636,3.1701527,0.0,3.338389,0.0,0.17415994,0.0,0.8175311,0.83243155,0.0,1.7052617,2.5355544,0.0,1.3397859,0.6566954,2.2770069,0.8536398,2.3556807,2.9596326,1.8455191,1.1133453,2.428166,0.47283015,0.0,0.0,2.024661,4.5928807,1.1565791,0.0,6.257118,0.0,0.0,2.507527,4.889435,2.0792332,1.6860826,1.8900162,2.7969613,0.0,2.3523958,2.2072904,0.5022516,0.7550096,2.7678163,2.0354812,3.573998,0.54156303,4.464692,2.2343676,0.416965,0.0,3.1059399,0.0,0.0,0.0,0.0,1.1671948,0.0,2.2244837,2.3152413,0.45879608,0.0,2.3996809,2.231974,2.6166718,2.60895,0.33681777,1.219614,0.16767165,0.09882958,2.9519498,2.34278,1.0101744,0.0,0.0,2.9022777,0.0,1.6328129,0.5827564,2.28232,0.6325294,3.973279,5.310786,1.8368704,0.0,0.4808792,5.37948,6.5173,0.34996676,3.0706532,0.0,1.8204181,3.9940052,6.005864,0.0,0.80702883,0.0,2.780911,0.9515291,4.083583,0.43504715,0.0,3.2594063,0.37725538,0.076238945,1.6297408,0.1450333,1.1865143,2.9840841,2.3564317,0.0,3.5537922,1.344787,0.0,0.0,0.28071862,0.5284232,6.2473254,2.0079348,0.094255574,0.0,1.9127758,2.3525133,0.2174046,3.4718642,0.0,0.0,0.53980863,0.0,2.8941603,3.5487835,1.4623047,2.49118,2.412908,2.0956545,1.9509165,1.189921,0.0,4.593494,0.0,1.4847596,3.3737676,0.0,4.2168617,1.301186,1.2589669,3.7253168,0.9933891,2.260181,0.0,0.0,5.8260837,1.8993541,0.290981,0.0,0.0,0.83942604,5.5334225,0.55141467,0.0,0.0,2.4958427,3.5487864,4.196103,0.0,2.7572227,0.0,1.5043895,1.9739647,1.645543,0.11003188,1.824261,1.408441,0.5749178,5.408535,0.7074456,0.0,3.007678,1.6750422,2.3111463,1.7125783,2.861782,2.5866163,0.9441761,3.271948,7.331322,0.15025117,2.1752856,0.89732933,4.5138936,0.0,0.62724566,1.516632,2.9947667,1.8577049,0.2667084,0.7757007,1.2127802,1.357309,0.91499,2.9324107,0.0,0.0,0.0,2.8362148,2.6546445,0.81523305,0.08793884,1.3245343,3.9455118,0.69585955,4.278551,4.9579587,0.0,0.0,2.191954,2.1796935,0.0,1.0159436,1.2027926,3.0705242,2.264956,0.80483395,0.0,0.0,3.8225627,0.0,1.8646066,0.8578106,0.62546414,1.7637515,1.6131821,2.5970767,1.1051153,3.483223,3.811386,0.24269116,7.0092564,1.2629867,2.6926064,4.2444696,1.8359915,3.6771567,3.1741345,1.6380917,4.1922107,0.0,1.1111155,4.350024,0.369761,4.1219707,3.226545,0.6040215,0.0,2.812867,2.7310994,2.0739954,4.3687973,0.0,3.072233,0.0,1.9827545,1.7222265,0.93328303,0.0,0.0,0.5667102,1.7225807,0.0,0.24923712,1.582457,3.9134579,1.9426903,2.500584,0.5127131,2.0767481,0.0,2.097782,1.3048602,5.8759723,3.4978607,3.2652712,0.0,0.0,0.18055199,0.0,0.0,0.0,1.7993392,0.2335804,2.261312,0.0,2.1053865,2.0296812,4.185491,3.4000669,3.9764993,0.0,0.0,1.9052858,2.9747036,0.66743386,3.1168952,0.0,2.7247643,2.2039776,0.0,0.0,0.84809965,0.9669354,0.0,0.0,1.4125823,2.3967516,3.4669485,2.215378,0.0,1.6185405,0.0,0.0,0.489021,0.77316856,1.5755079,1.9695346,2.2071738,0.63496226,1.0300006,2.352462,2.435298,0.0,0.11709619,1.5634934,1.572849,1.3370937,4.644403,0.0,1.1752918,2.2039962,2.4890802,3.459724,2.0238264,3.1330745,0.014855806,2.9032917,1.1014252,1.5128381,0.0,2.498678,0.0,2.0622745,0.0,0.0,3.7310336,3.6111248,0.0,1.1960157,1.2610476,0.46012768,0.0,2.3018484,5.5474796,0.0,2.2446532,2.0467951,2.4386935,0.0,3.797239,2.8985436,4.995413,0.98816526,2.7548594,2.3665824,0.0,2.7705696,2.4832249,0.3813932,4.758257,0.0,1.2740552,0.7220611,3.2490244,2.3186343,3.4108694,3.2199452,1.8326927,1.8887103,0.24300556,0.0,1.2916992,0.82676417,0.0,4.3414197,4.5547314,4.121605,2.2736354,0.0,2.2175791,3.1493454,4.1149178,0.0,0.0,2.9545975,0.0,2.7963636,3.000376,0.0,3.0775795,1.3311064,1.0908438,3.3867786,0.0,0.0,1.0178956,0.0,2.768841,0.0,1.5957808,0.07409298,0.0,0.0,1.8505838,2.931272,0.0,2.757554,0.0,3.3895366,1.4442492,1.4871472,2.5287898,1.9028035,4.6375346,0.0,0.0,3.1211932,0.0,4.564148,3.2575128,0.0,3.5062647,2.3567305,3.194539,1.1588309,0.7644969,0.0,2.0387788,0.057564937,0.0,0.3395048,1.8225348,0.35473117,2.5705636,0.22664854,1.0856712,0.0,0.0,0.4778236,1.3645376,0.50965023,0.16916513,2.8887572,1.9964535,0.7533417,1.7467307,3.2596717,0.8674569,1.5525753,3.7753701,4.1344237,1.5719464
CA1,7.061214,0.0,0.0,1.2290254,6.2038374,0.0015537869,5.469196,1.8144608,1.0624825,1.3934319,0.0,0.58559614,0.0,0.125789,0.0,4.3950405,4.1078906,0.0,2.277689,0.0,2.5684156,3.2999563,3.7858968,0.37384787,3.7197316,0.12233332,5.003956,0.0,0.0,6.664281,0.7603843,3.0576034,1.9836675,1.0281814,2.76267,0.43222776,1.8700051,1.6895648,4.654444,2.0546942,0.0,2.7912502,7.0869093,0.38014814,0.21912786,0.0,0.0,5.201746,5.7501206,1.3553761,1.5833265,4.32016,3.331973,1.9244654,0.0,0.0,0.0,6.0253377,1.6652316,1.1887219,8.415,0.0,0.0,2.0923922,5.161173,2.542903,5.1424813,1.721436,2.2876904,0.0,2.4177575,2.8602455,2.9874275,0.0,3.6466103,7.652258,0.0,1.2964646,0.9113791,2.1722777,3.433329,0.0,0.105579525,0.0,0.0,0.0,0.0,1.1821699,1.3244059,2.0158224,3.114743,2.1699495,0.0,0.98234475,2.4652448,2.7425635,0.13063736,0.0,4.9794745,3.2202265,0.09848745,2.6385972,0.5740133,4.2421546,0.0,1.5547562,6.3139696,0.0,3.4619217,1.2298427,1.9657086,0.24445732,5.2668095,8.013636,0.52329975,0.0,2.450644,0.3516391,8.017738,0.0,6.819421,0.0,3.0486574,1.1845094,4.1432676,0.0,0.0,0.0,8.947207,5.559564,0.63954705,0.0,0.0,4.9760003,3.8908172,2.7515852,4.869856,0.0,2.7549894,4.8136334,4.190674,0.0,3.1704965,0.0,2.2732291,0.0,5.018687,3.0812235,3.364983,3.1931922,0.7565638,3.3064167,2.3776984,0.0,0.73471695,5.743749,0.0,0.0,0.15443033,0.0,5.1906786,3.7261553,1.6642877,0.51459306,0.3850556,7.9951606,0.3532419,1.6569175,0.0,2.4852688,1.7500851,0.0,7.6176896,0.0,8.15569,3.505762,0.0,4.2333407,0.38888207,0.0,0.0,0.0,4.781262,4.650814,0.0,0.0,0.0,1.8630617,0.51920784,0.28102773,0.0,0.0,0.8464724,3.5460358,3.129346,0.0,0.0,0.0,0.0,2.879035,2.9236758,0.0,3.5062711,0.36725554,0.0,6.244248,1.9501672,5.325981,1.3418018,1.180848,1.2676538,2.661469,3.5192935,0.0,3.3907704,1.3291094,2.9387562,6.985155,2.8316615,1.4975826,7.9766707,0.39766034,1.7648474,3.024673,5.6403356,2.3806653,1.3349173,1.5559083,2.0079713,1.0964676,0.0,3.7211204,0.0,0.0,0.0,4.2550097,5.4893394,4.2307677,3.9058769,0.5416988,8.015129,3.8683338,2.5888426,3.381268,1.2311172,0.0,5.1254425,6.608071,3.231955,4.0986915,0.016630083,10.516806,3.8919165,2.635882,0.0,0.0,0.26675573,2.3976476,0.0,2.8632448,0.023898128,0.0,6.4139996,5.210646,2.3914425,4.066215,0.27130586,0.5407428,3.9640715,3.0244443,0.0,1.3734971,0.30861694,5.844852,1.1696734,0.0,0.86850595,0.254344,4.5899477,2.6848183,0.0,7.412554,5.9205127,2.4193861,0.0,0.97782904,2.5617578,1.7955593,2.2720203,0.0,1.4425665,0.0,1.4929895,0.0,2.404247,3.1221077,0.0,2.8918417,0.47921243,0.0,0.0,1.4854969,2.8000052,4.0737224,0.38734728,0.90891445,7.3082294,1.8953719,2.1439788,1.8835758,4.183836,4.4016905,4.2188888,1.2030089,0.0,3.8133016,0.0,0.0,0.0,0.58231497,5.6387424,0.37409842,0.0,4.8999233,5.104199,4.953319,5.6729274,0.059181638,0.0,2.5947456,0.38607028,0.5514197,1.5676208,0.8259701,0.0,0.0,5.7370844,0.0,0.0,0.0,2.7434788,0.0,0.0,0.0,3.6736495,3.7422862,0.0,0.0,0.533923,0.0,0.0,0.0,1.8360586,1.257311,0.82068413,2.5522008,1.2898433,2.019976,4.534141,2.1532364,0.0,0.0,3.0581157,1.5129365,7.745198,1.1599748,0.0,5.392625,2.3219528,0.6963508,4.8545103,2.9695344,2.3463182,0.0,6.9381895,0.5523256,0.2309904,0.2766179,6.6912603,0.0,0.0,0.0,1.6032063,1.1809623,2.611556,0.0,3.5383542,0.4552332,0.0,0.7130654,2.1734006,2.1548185,0.0,0.9008095,2.9026911,7.1234426,0.0,4.5670676,7.116446,4.853307,6.444226,3.188396,3.1393561,0.0,0.25293496,3.970598,0.31514502,5.965129,0.9189144,1.7516289,0.9136876,2.438485,5.828309,5.945968,3.3112295,3.2132256,0.9407477,0.0,0.0,0.71087855,0.0,0.0,2.3793035,4.4603047,5.107188,1.9868627,0.0,3.4490051,2.91345,1.0635839,0.0,0.0,2.8714478,0.50540483,0.0,4.9554434,0.0,0.83134866,0.7216701,3.3832657,6.671688,0.0,0.42236748,0.0,1.8517911,0.7786534,0.0,1.972173,1.0569015,0.0,0.0,2.0259972,6.7324114,0.0,6.5816126,0.0,1.2042822,0.0,1.3233428,0.0,1.502062,5.63779,0.0,0.0,5.453236,0.0,7.8956485,2.4401295,0.6017104,1.6535945,2.2237847,0.95556915,4.391693,0.0,0.0,4.9255075,4.222903,1.309815,3.0230014,0.7291027,6.186003,5.7184186,1.3281772,3.3572376,0.0,0.9281517,0.0,1.5912067,0.0,0.0,1.030011,2.7466364,1.8252412,1.9637095,4.284244,1.085224,3.9421506,4.831044,4.7660413,0.8962792
CA4DG,4.668648,0.0,0.0,2.0303385,3.668021,0.3122384,3.6283503,0.6799234,1.6737107,1.7162757,0.0,0.2270294,0.0,0.22106858,0.0,3.227163,2.2076259,0.0,0.12123505,0.0,0.9275283,4.37472,3.8900135,0.0,3.5532513,0.6685477,3.727282,0.0,0.0,4.90047,1.0447571,3.4484015,1.0728096,1.0643082,2.9052978,0.5499244,1.1241997,0.031164031,3.1610982,3.4864335,0.0,1.2887156,5.5210915,0.33442077,1.5685042,0.030914951,0.0,2.2546225,5.224169,2.282056,1.1024094,1.0265833,4.403875,0.48253238,0.0,0.0,0.0,4.6760373,0.4248707,2.7942228,6.749571,0.0,0.0,2.1776714,5.8971515,0.91944957,4.6508393,1.3799615,2.3330107,0.0,1.3859711,0.3508268,2.3851848,0.0,4.6021943,6.0235395,0.0,1.7698287,0.16444375,0.098425485,2.4692295,0.0,0.80773866,0.0,0.18280938,0.0,0.0,1.5855011,0.32270715,0.78457403,2.436564,1.384162,0.0,1.2407731,3.9837334,4.036648,0.0,0.0,5.2270274,1.0986528,0.0,0.18256645,1.0626786,5.522474,0.0,3.0356808,5.7859087,0.0,2.8649647,2.1764247,0.13325493,0.32098836,4.679983,6.511808,1.4682056,0.0,2.8672693,2.0692225,6.072113,0.30887267,5.196185,0.0,0.3189561,2.6915734,3.8781674,0.0,0.16674642,0.0,8.048072,3.9513333,2.5102723,0.0,0.0,2.0398707,2.7710476,1.0430472,2.4982746,0.0,2.2154093,3.6792703,3.6681058,0.0,2.6616616,0.96980613,0.8717023,0.0,5.192153,1.6107091,2.911602,3.548849,2.2055922,3.0382612,2.8744912,0.0,1.5796909,3.5819983,0.0,0.0,0.85052836,0.0,4.12596,3.407627,2.6570127,0.0,0.6913333,4.485362,0.12415317,0.31975973,0.0,4.8712926,2.9618375,0.0,7.0666084,0.0,8.030894,3.8271692,1.5518467,2.8228114,0.0,0.0,0.0,0.0,3.4987357,4.354104,0.0,0.0,0.0,0.0,0.45840555,1.1612622,0.0,0.0,2.0486653,4.700728,2.6816034,0.0,0.0,0.0,0.0,0.68023187,2.9984748,1.0544606,1.4820213,1.0228449,0.0,4.9297996,1.9197319,3.2500587,1.0821035,1.8597752,1.093974,2.4816785,1.0460762,0.40165266,3.2827013,1.8189787,2.2968335,5.7798734,2.1572185,0.0,7.38903,0.5448196,1.4676867,2.7164466,4.332002,4.159322,0.9786732,0.7118456,1.7042391,1.0670116,0.11778568,3.6122882,0.0,0.05315392,0.0,3.5407872,4.4240456,3.6326835,4.370407,2.681373,6.242564,2.8058043,1.1606783,3.0101924,0.3241105,0.0,4.636857,4.039592,0.86522275,2.924311,0.0,8.929238,3.3517585,1.406912,0.0,0.0,0.97628766,0.7627225,0.3721877,1.4114087,0.25220603,0.0,4.674745,3.5696266,2.5461302,4.3843794,1.8407074,1.8551474,3.5638673,3.1696014,0.0,2.7690709,1.383505,4.6724353,1.4191414,0.0,0.33696574,0.0,3.7218232,1.7895569,0.3660561,7.6182494,4.0895915,0.369486,0.0,1.0363516,3.0608535,2.716516,4.450426,0.14316265,1.473629,0.0,0.03527376,0.0,0.97502244,1.7292848,0.0,2.4179773,0.8086075,0.0,0.0,1.6052787,3.2214513,6.2370806,0.010004789,3.0369031,5.0548186,1.2392508,3.1320384,2.9220762,3.2154288,1.6765748,2.4248621,2.0011942,0.0,2.0473082,0.0,0.0,0.0,0.19378516,4.326054,0.72661895,0.0,3.6247935,3.6999092,2.9107218,6.3477697,0.0,0.0,2.3587081,0.41441664,1.3725877,0.97031033,1.2087783,0.0,0.0,3.795278,0.0,0.0,0.0,2.1568282,0.0,0.0,0.0,3.3689156,2.9499705,0.0,0.0,0.0,0.0,0.0,0.0,1.072596,1.2321676,0.30929893,0.95111287,3.2434628,3.9761903,2.6739283,3.048949,0.0,0.0,1.5376179,0.85185736,7.0952587,0.48588613,0.0,4.745982,1.9273081,3.5812469,4.5763564,3.3843884,1.6396892,0.8471395,5.2433615,0.9831329,1.6307697,0.35659745,5.9120426,0.0,0.0,0.0,0.17163089,2.6428468,0.0,0.0,1.1140579,0.0,0.0,0.0,1.5583386,2.1319644,0.0,0.6907101,2.6310992,6.7584233,0.0,4.861269,5.730547,5.3424654,5.4918427,2.0327,1.9798048,0.0,0.84814477,4.819988,1.1534218,5.1254997,1.9538403,2.793227,0.0,2.71329,5.766861,3.2248995,0.5505034,2.7127643,0.0362224,0.20278554,0.0,1.6577703,0.26858062,0.0,1.9232038,4.6088796,2.718901,0.9163231,0.0,3.757811,1.2656919,3.6002061,0.0,0.0,1.5405782,0.2876444,0.101788566,3.0561693,0.05211123,0.25081092,0.0,3.9879527,5.491892,0.0,0.110668935,0.0,0.50543815,1.6893317,0.0,1.7094074,1.5868864,0.0,0.0,0.7315458,6.07653,0.0,5.3751445,0.0,2.5481007,0.0,1.3535206,0.0,1.0719723,3.9107027,0.0,0.0,3.6646767,0.0,5.658156,0.71559244,0.5938392,2.9017003,0.52454895,0.8321415,4.3963246,0.0,0.0,4.661346,3.728465,2.9928293,2.135436,0.81549346,5.572003,6.1269197,0.033506192,4.6591725,0.0,2.4881742,0.0,3.090463,0.0,0.0,1.229777,1.1949942,3.1772718,0.14510183,2.1016083,1.2900096,2.1645007,3.4266014,3.4107075,2.4547634
CA2CA3,2.9692109,0.0,0.0,1.3037909,5.3964787,0.0,3.3222845,2.665069,1.4585819,2.4690015,0.0,0.46535918,0.0,1.1082289,0.0,3.875741,2.649817,0.0,0.5879392,0.0,0.71514195,3.7684383,2.087044,0.0,1.0086243,0.17771366,4.621597,0.0,0.0,3.855954,2.212132,2.182693,0.5281261,1.9135102,3.2165737,1.7353388,1.240284,0.626657,3.7483065,2.5568283,0.0,1.0887122,4.5146484,0.8158951,0.73235244,0.02657466,0.0,3.7076683,4.43703,2.6009567,1.5181847,1.5833793,4.3973293,0.813741,0.0,0.0,0.053788323,5.30826,0.67795044,0.97703785,5.330975,0.0,0.0,1.7712319,3.8690262,0.90099967,3.523954,0.71941674,4.1230536,0.0,2.1096575,1.2695457,0.0,0.0,2.933523,6.4301696,0.0,2.3508463,0.85601974,0.47693366,2.7831104,0.0,2.7210646,0.0,0.0,0.0,0.0,2.1370566,0.07382563,2.455708,1.6763197,2.3857236,0.0,2.5188472,3.5534604,3.0367792,0.47667694,0.0,4.0907373,2.1052547,0.0,1.9886633,0.0,3.7204826,0.0,1.5986692,3.9201982,0.0,3.9960446,0.82877773,0.41471726,0.927152,4.8534484,6.6160254,2.059349,0.0,0.8077363,1.4016227,7.6409016,0.0,5.7550364,0.0,1.6754181,3.7814393,5.126293,0.0,0.49258143,0.0,6.3567963,2.1300387,1.6556444,0.22541216,0.0,2.7932532,2.5701184,0.6916543,3.886326,0.0,2.5501168,3.5699542,4.725296,0.0,2.9535286,0.0,1.0110036,0.0,3.3863895,1.8109984,3.577811,4.764612,0.83555853,3.0874736,3.5577521,0.80941045,1.189616,4.0129714,0.0,0.0,0.030772872,0.0,2.8805616,1.7127678,2.947528,1.1020583,1.2861658,5.407896,1.171284,1.3317317,0.0,4.4417415,0.8333496,0.0,7.055736,0.0,7.491907,3.2672725,1.3569882,2.5536418,0.71940625,0.22893807,0.0,0.0,2.3755264,3.6088321,0.0,0.0,0.0,0.32256716,0.6124883,1.7352741,0.0,0.0,2.297113,4.670946,3.2247758,0.0,0.0,0.0,0.0,1.0068971,4.130902,0.0,2.7489789,0.44499943,0.0,3.1187284,0.53536373,3.6048632,0.52006775,2.2461307,0.9051107,3.0097766,1.2503428,0.7214323,3.5542345,0.9275285,1.9277321,3.7960863,1.7974145,0.4373679,6.7473254,0.20825242,1.6605856,1.8401345,3.54731,3.4891763,1.3341734,0.0,0.0,2.096042,0.14173424,2.4802053,0.0,0.0,0.0,3.3017015,2.8295307,3.4871624,3.761174,1.5171487,5.103698,3.89852,2.9543846,3.2484438,0.0,0.0,3.1399012,3.5944722,0.4668122,1.9753335,0.0,7.599351,4.489788,1.7846148,0.0,0.11817157,0.1290901,1.6427765,0.5030367,1.2724626,0.0,0.0,4.578201,3.1706715,2.9347932,4.4221296,0.90844613,1.6753888,4.1997066,3.7389472,0.0,2.2030482,1.3876439,4.447208,0.5926804,0.0,1.4094477,0.35787174,3.3661497,0.8775672,0.0,6.5559225,4.587011,1.0209407,0.0,1.0070788,2.4172254,2.5380723,3.7620986,0.0,2.2908328,0.0,0.0,0.1579384,0.075482905,1.7434537,0.0,2.1586883,1.5722632,0.0,0.0,0.3198756,2.544123,4.705926,1.9861959,1.9876621,5.1791897,1.0581324,2.4845881,1.3297453,3.3227537,2.6959503,3.2473032,0.038582265,0.0,2.8663757,0.0,0.0,0.0,0.0,2.700661,0.28857023,0.0,3.7651877,2.6127007,2.9187336,6.6429706,0.786363,0.0,0.7459161,0.36723727,2.237571,1.860214,0.17148784,0.0,0.0,4.7552204,0.0,0.0,0.0,1.3335932,0.0,0.0,0.0,3.4501073,4.2932224,0.0,0.0,1.1447866,0.0,0.0,0.0,2.096181,2.688789,0.7808179,1.8301586,2.449603,3.4541466,2.9820619,1.0544213,0.0,0.0,1.2005463,1.5616469,6.126107,1.686427,0.0,4.250039,3.659294,1.6689545,4.32734,2.2603853,1.1064565,0.8244122,6.3487954,0.68768775,0.12056403,0.59692305,5.3439474,0.0,0.0,0.0,0.0,3.0155063,1.8602338,0.0,1.1089269,0.0,0.0,0.6774502,2.4368567,3.2761905,0.0,1.9079151,1.5006853,5.8130784,0.0,4.5519814,5.4322743,4.4413633,4.765369,1.1375909,2.0444996,0.0,0.5962776,2.3706768,0.19784068,4.6967864,0.5313435,2.3566003,0.18318056,2.662223,5.40753,3.7147057,2.6031034,2.7904258,0.0,0.0,0.0,0.98343784,0.86313903,0.0,0.9618379,3.6664543,2.9779024,1.8618928,0.0,2.1894636,1.7918924,2.229795,0.0,0.0,1.4779966,0.0,1.0457093,3.2105963,0.0,0.42653283,0.0,3.4868493,4.689034,0.0,0.0,0.0,0.0,1.4983784,0.0,2.2560916,0.16281757,0.0,0.0,1.3518288,5.1322494,0.0,6.4977336,0.0,3.328999,0.0,0.55289316,0.0,0.01357504,4.2347093,0.0,0.0,3.9114199,0.0,5.7983537,2.2198896,0.0,3.5983763,0.14828894,1.1874447,4.3565707,0.0,0.0,2.9214158,2.29996,1.9814961,1.1330744,1.3125654,4.8605494,5.363236,0.29151902,3.064882,0.0,1.5975134,0.0,0.74846303,0.0,0.0,0.8625031,2.8878906,4.179826,1.6304382,2.203336,2.1238737,3.2903447,2.761665,3.610624,0.62112397
subiculum,4.995278,0.0,0.0,0.62306386,4.1754932,1.4899293,2.0090466,1.5642555,1.8291882,1.8439507,0.0,1.3648936,0.0,0.5771071,0.0,4.751943,1.0816653,0.0,1.7598934,0.0,0.58844966,1.620304,3.6665344,0.0,3.793129,0.44728008,2.1822636,0.0,0.0,3.256954,2.1052618,1.7061992,2.0034204,0.36183894,1.4436752,0.0,2.2750437,0.49727926,3.845577,1.4370877,0.0,2.07728,4.570261,0.0,0.13122085,0.01464181,0.0,2.7055807,2.7839787,2.8400762,0.28391042,3.922098,3.0085227,2.009831,0.0,0.0,0.0,5.017637,2.1804824,0.38558373,6.53256,0.0,0.0,2.399267,2.8351908,2.5017087,2.8981698,1.7488453,2.2348945,0.9424291,0.0,1.5916984,2.9909296,0.0,1.8544056,5.6444063,1.2543908,0.37980583,1.2187945,2.3160183,3.0610425,0.0,0.22733963,0.0,0.0,0.0,0.0,2.1266768,1.9171172,0.8800213,2.105794,0.6822476,0.0,0.59589875,2.2664034,3.4105854,0.8579676,0.0,2.4908085,1.2053504,0.0,0.91495454,1.2713892,2.2027528,0.0,2.0019162,3.4744194,0.0,3.0094633,2.2476826,1.4324403,0.0,4.844035,5.9076576,0.13303818,0.0,2.3370457,0.07325058,4.8851576,0.61926085,2.5373766,0.0,1.1524404,1.9981666,2.7695475,0.0,0.021905828,0.0,5.271372,3.1497185,0.30532318,0.0,0.0,1.7787095,3.1251285,2.9768007,3.877722,0.0,1.931235,3.8258228,2.0676048,0.0,3.3699188,0.1004359,1.9119952,0.0,4.8568006,2.4199882,1.6520615,1.980832,0.73738843,1.0300609,2.1169908,0.0,0.4125569,4.6283875,0.0,0.0,1.5692636,0.0,3.8278809,3.4571698,1.2590506,1.5406592,1.4068274,4.3228817,0.15625003,0.17861408,0.0,1.6504179,2.0406532,0.0,3.6417758,0.0,6.6308746,2.8553522,1.6285982,2.8412988,1.3733681,0.0,0.0,0.0,4.812885,2.8810856,0.0,0.0,0.7110455,1.3475437,0.29219884,0.9448625,0.0,0.0,0.2370556,1.497845,3.7115386,0.0,0.0,0.0,0.0,0.88338476,1.7037652,1.5852661,3.6228578,1.8081266,0.0,4.7664022,0.6382515,1.2174436,2.942497,0.62513036,1.9817234,2.7747083,2.1938157,1.8697096,2.1360412,0.6674634,2.8056943,4.6851892,2.3535676,1.541764,5.8589716,0.0,2.016261,2.0048738,4.1676297,2.4730988,0.6726505,1.3878512,0.92492086,2.1697085,0.0,0.9357913,0.0,0.0,0.0,3.1068265,4.4447722,1.766625,3.7154288,1.5580465,5.5209336,1.3813934,0.9413699,3.4047105,2.1460173,0.0,4.3570924,4.726073,2.6990118,2.5791829,0.26408404,7.5958023,1.4190135,2.4861763,0.0,0.0,1.1359435,2.770706,1.8234972,2.6549363,0.0,0.0,3.9992461,3.5066562,1.4006073,1.9221894,0.0,0.57875973,1.4638801,1.7480851,0.0,2.3313594,1.2972083,3.864993,2.003766,0.0,0.57457095,0.21319649,1.3946462,2.8351667,0.91371965,5.8671026,2.1953783,0.38710248,0.0,1.5349438,1.0533347,1.8841476,1.6543576,0.0,1.802717,0.0,1.9131291,0.0,2.0063803,2.7048926,0.0,0.9201098,0.121864766,0.0,0.0,3.0979922,1.1696053,2.3629606,0.6453217,0.7543595,3.6675358,3.1129887,0.55883676,1.1446005,3.6883845,3.1810348,2.6643689,0.549287,0.0,3.0407379,0.0,0.0,0.0,2.480716,3.0783675,1.2644957,0.0,3.1324651,5.0671177,3.4519703,2.5038037,0.24816298,0.0,2.7116466,1.1140523,2.0576377,2.046415,1.7711673,0.8598774,0.0,2.198055,0.0,0.0,0.0,1.5207626,0.0,0.0,0.0,3.2216046,3.025767,0.0,0.0,0.0,0.0,0.0,0.0,0.455919,1.1414688,0.9572185,2.808456,1.1157176,0.9762071,4.3390374,0.8890893,0.0,0.0,3.860266,2.367862,3.4297798,2.0782976,0.033435296,3.3088417,0.46680835,1.8603227,3.535662,0.35867977,0.10159621,0.0,2.9855213,0.03440213,1.6107529,0.4188377,4.7702675,0.0,0.0,0.0,1.7671292,1.0344093,0.0,0.0,2.6857743,2.2288055,0.0,0.23074318,0.76409703,3.3021145,0.0,1.7413938,2.6675441,5.2274156,0.0,0.8320627,3.7468572,3.6500275,3.6926363,3.0180163,1.4621993,0.0,0.6496414,2.92944,2.0021765,3.7710052,1.3434424,0.5921629,0.5319966,2.9863322,5.010952,2.3836098,3.485184,2.1512244,0.97832197,0.0,0.0,0.93810517,0.0,0.0,0.68085974,4.3333044,3.7292042,2.4211373,0.0,2.6872098,1.8704696,1.8258852,0.0,0.0,1.5941736,0.8162462,0.0,1.8506823,0.22970101,0.21185768,0.6671985,1.0018579,5.6192226,0.0,0.28430858,0.0,0.4522095,0.54020166,0.0,0.0,1.5351455,0.0,0.0,0.073843494,3.766546,0.0,3.1168754,0.0,0.0,0.0,1.4208704,0.0,2.2871149,3.3413534,0.0,0.0,3.246055,0.0,4.7915406,1.4619725,0.49337393,0.3369031,2.3752878,0.41499448,1.6492388,0.0,0.0,2.749126,3.455509,0.045471884,1.9777421,0.0061301477,2.6331136,3.1689055,0.26871428,2.396475,0.0,1.2973486,0.0,1.4943241,0.0,0.0,2.1094184,0.54289424,1.1526022,0.4126249,2.57832,0.8971785,1.1395804,4.241656,2.977916,0.97446513
Claustrum,3.1739135,1.5772662,0.0,2.970752,1.1390468,0.0,1.0597262,5.0805993,4.4964943,0.31220755,1.5017521,0.7138795,1.5747463,0.3573659,0.0,5.8714647,1.4514475,1.7257724,1.9290959,0.0,1.6252887,0.0,5.241617,0.0,1.9667972,1.5309132,1.0373671,0.0,0.35367942,0.52947617,2.7820232,1.0771017,1.3563213,0.0,1.8385869,0.0,0.5005788,0.86730134,0.0,1.3430711,0.0,1.9529382,2.7116458,0.72843933,0.3793757,0.0,3.9137907,0.08866532,1.2061338,2.3877041,0.46772626,0.0,5.638461,3.4425945,0.0,0.0,1.9920878,4.580763,2.4721785,0.0,2.0408928,0.0,0.0,3.0172646,0.0,1.811586,4.2051454,2.2852607,1.141024,0.0,0.8989006,0.87156945,1.8973662,0.43252134,3.329857,0.81251836,1.2145783,0.0,0.42003042,0.0,2.2727096,0.0,1.2296547,0.0,0.0,0.0,0.0,3.0442207,0.33595085,4.6788025,2.5199606,1.3097675,0.96191955,2.3807428,2.256079,3.147558,2.8867266,2.492136,3.1307204,1.7760428,0.0,3.5371325,0.0,1.3417727,0.0,0.030471671,5.3220587,0.0,3.6754448,0.86338997,3.2004714,3.8748207,5.400324,3.561962,0.58696085,0.0,1.7434547,3.6130548,5.1250944,0.0,1.7392086,0.0,1.2181362,3.2289655,7.08461,0.0,2.194176,0.32395867,3.7807496,0.0,2.4113154,2.014132,0.0,3.141797,0.63905656,0.5732372,3.5998452,1.1868466,2.824466,4.2805743,3.737297,0.0,0.9657016,1.4640735,0.0,0.17207408,0.35706392,2.9019961,3.0975108,2.423303,0.0,2.5585089,0.0,1.5435584,0.0,0.74673516,0.0,0.0,1.2336293,0.0,3.1060147,0.29623953,0.87843174,1.2256076,5.9012527,0.19886519,1.4958073,0.51839834,0.0,0.70791024,0.74592197,2.1713245,2.9162414,0.0,2.2364092,1.6506559,0.041909546,4.1083884,0.8027103,1.1009452,0.0,0.0,5.3001084,3.8846521,0.0,0.0,1.5483917,0.0,1.0697984,0.27990276,0.5964909,0.0,2.9318244,0.87556374,5.541311,0.0,2.3191667,0.0,2.912375,0.0,0.69413793,0.39627656,1.2562766,3.224925,1.0605032,2.2749999,3.1567166,0.0,3.1353142,5.016983,0.2784455,5.283969,1.181831,0.9869702,2.5790725,0.0,4.7913795,0.87714374,1.4176123,0.14464614,3.4862173,0.0,1.5065539,0.14755231,0.69008666,2.0100222,2.705775,2.205705,0.0,1.5475003,0.21745211,1.3643942,0.0,0.0,0.0,2.4909244,3.721356,1.1308059,1.713322,3.2567306,3.5703852,0.71814585,0.31468603,3.1617022,3.1447387,1.0134978,1.2924701,0.6739995,0.8762995,3.6043155,2.830739,2.4908924,5.4088764,0.0,0.4001357,0.0,3.441563,0.4358362,0.30069777,0.530648,2.914428,0.0,4.8962727,1.5961713,0.7027541,4.5212383,3.4272783,1.4317331,1.2725211,1.6161363,1.0635402,2.8513105,0.80315334,5.507839,1.9644113,0.6360302,1.9061236,0.0,1.5994734,3.751438,0.813242,4.5544047,0.44310012,0.0,0.04481211,4.4203124,5.0975685,5.0650387,2.5648475,0.0,3.1747081,0.0,3.2128527,1.6306921,0.0,1.9311545,3.2524555,0.38188756,1.3037043,0.0,0.3475232,0.33823413,1.2705396,3.1683621,2.1237812,0.6285759,1.2717772,0.95236397,1.2638042,1.1903329,4.369491,0.0,4.057745,0.0,1.3866984,3.6567986,0.0,0.0,0.46859038,1.6996949,0.0,4.047344,0.0,2.4446926,2.4304178,1.0010201,2.080246,1.034332,0.0,0.0,0.2704304,2.2725255,1.2097499,1.9234054,2.9207904,1.5805818,4.02563,0.05532753,0.0,1.4064181,1.2746729,0.0,0.0,0.0,1.9949684,0.8352081,0.0,0.0,4.674945,0.0,0.0,0.29872307,0.8399664,0.46162271,3.9950001,3.5392966,1.5742882,3.1514833,2.4483752,2.3458822,0.0,1.1361353,0.059207123,1.2805122,3.8996155,1.3207563,0.0,1.5044502,4.3003597,1.0167748,3.1898959,1.9638435,3.4294918,1.2627858,1.0694381,0.88858545,0.9909904,3.471405,2.9380221,0.0,0.0,0.0,1.483114,2.2105525,0.06817917,0.0,2.81144,1.0985882,1.5153577,1.2067598,0.7571656,1.1107728,0.0,5.153336,4.145845,1.2841511,0.0,4.9460196,0.0,1.6738919,0.7653935,0.40693215,0.0,0.0,0.0,2.0426772,3.113625,0.67039883,0.7475747,3.4290898,2.652542,5.490132,2.8747325,1.6800445,1.5271429,3.840141,0.5665806,0.0,0.0,3.225104,1.8549302,0.0,1.4924387,5.9050264,1.7071686,4.174259,0.0,1.5999341,1.9164344,3.5149202,0.47262168,0.0,1.9602176,0.88584954,4.010338,0.6726124,1.0664736,2.9937093,1.1505797,2.0651474,1.5915815,0.0,0.6818973,0.0,0.0,0.0,0.0,3.5843298,0.0,0.0,0.0,0.0,2.016823,0.0,3.1150203,0.33397156,1.9529656,1.4068706,3.297414,0.45718446,0.0,0.8365925,0.0,0.0,0.9107204,0.0,2.703844,6.3083315,0.0,2.3276145,5.1928043,3.795789,0.0,0.0,0.0,2.5985894,0.47163376,2.0405903,0.4257665,0.28827593,0.42623952,2.628077,0.43272862,0.0,0.0,1.7616346,0.5869803,0.6565607,0.0,1.2903869,0.6507358,1.0484903,2.6024656,2.4925523,1.9467025,1.0116638,2.7863984,2.6258473,3.5246778,3.048229
head of caudate,0.629532,1.10422,0.0,3.0468767,1.3409376,0.0,0.0,6.466144,0.7015872,0.0034707189,1.9676687,2.443085,3.069749,0.94114697,0.0,3.5949008,1.4826648,2.614305,3.7587495,0.0,2.2463589,0.0,0.7634488,1.0176083,1.2917593,0.0,1.4127045,0.0,2.655953,1.663315,5.364957,0.0,2.2302215,2.816048,3.375142,0.0,1.5673659,1.1858062,1.8374127,1.577231,0.0,0.07913576,0.0,1.5726599,3.806319,0.41629535,1.5469624,2.5012856,0.8744923,1.6215624,3.3837092,3.1981096,0.0,2.4445608,0.0,0.4756773,3.422979,0.73660773,3.341897,0.0,2.5170598,0.0,1.7217754,2.085735,1.8628845,0.0,2.4623225,2.0805068,0.0,2.226438,4.007931,1.2752563,0.0,0.9813879,0.0,2.6351411,4.5367866,0.0,2.3305118,5.471815,1.8692293,0.0,3.0588753,0.0,0.0,0.0,0.0,1.2798316,0.0,3.4171648,2.7979314,2.3092356,0.0,0.07743248,3.0850022,2.9449465,5.060559,3.917148,1.4018018,1.0868267,1.2670548,4.6580157,2.7698023,0.0,0.0,1.0037385,1.184976,0.0,2.4393225,1.8758552,1.8128964,2.4239259,5.3844824,2.541773,1.697676,0.0,0.23424597,0.8416344,3.726883,0.7528547,0.21786787,0.14763585,4.669277,3.6733632,2.483008,0.8035644,0.072457835,0.0,0.0,0.0,0.0,2.0440469,0.0,2.494823,2.3517861,2.2811077,3.3204086,1.5695715,2.2516234,0.5035166,3.6883996,0.0,2.2936475,0.0,1.5358887,0.0,2.1973286,4.386396,5.6580906,4.312633,0.0,0.7942593,0.44131997,3.6127687,0.20253521,3.4252977,0.0,0.0,0.7174104,0.0,1.3459482,1.1162829,1.4460125,3.8300626,4.13205,3.3718505,4.812824,1.9821451,0.0,1.270799,0.4776587,1.6730099,0.38798335,0.30814582,1.2730851,0.5482439,1.6058185,2.825271,0.2268888,0.0,0.0,0.11821839,1.7639898,0.30252337,0.7178456,0.0,1.5287874,0.0,3.7070234,0.0,0.0,1.6162033,0.0,2.3763633,6.125156,0.0,3.05404,0.0,0.07143361,4.60594,0.021816157,0.0,2.3521373,2.9434302,0.0,0.90506506,2.2987034,0.0,0.65819955,1.9840455,0.0,2.0182512,1.0262952,4.4918313,2.816054,1.7640536,4.471632,0.9089239,1.5538135,0.0,2.6073394,0.87359816,5.608775,0.01580221,0.69257545,1.2746899,6.469342,0.7956381,0.0,3.3893273,0.0,1.3547331,0.0,0.0,0.0,0.0,1.9164075,0.6350437,0.7163706,0.79896605,1.5643371,0.23980644,6.8945994,1.8087187,0.99106586,0.17237577,1.1372985,2.975684,2.893333,0.43662435,0.9894937,0.0,0.17850547,2.8602874,2.7138214,0.66781914,2.0891595,0.53726864,0.7867269,3.5708401,0.93610704,1.4370334,2.1776485,1.3529189,2.3038094,0.07005274,1.3882939,2.9966066,2.947488,4.7488947,0.0,0.9243192,0.0,5.663049,3.509246,1.1539035,2.7083647,2.8374646,3.328611,4.2005553,0.68498117,3.127259,0.9469489,2.8013327,1.1037277,6.3644133,0.14034629,1.3507886,0.58331066,0.7594849,0.0,0.0,6.2557745,5.8287973,3.8012257,4.604513,0.26425385,0.0,3.3237731,1.0595666,1.9521902,2.2520192,1.6643965,1.2757566,0.34278783,0.5458146,1.7167941,2.522769,0.6022886,0.35361227,4.464082,2.8005247,2.6475844,0.0,2.0070047,5.6964207,0.0,0.751341,3.2062562,3.2196047,1.6833392,0.0,0.0,4.1360617,4.4778957,3.6869698,4.642751,3.6978984,0.0,0.0,2.0283873,4.3628182,0.0,4.7555065,2.4770162,1.0362488,0.6160035,0.0,0.0,1.4778543,1.7305566,1.0449988,0.0,2.3844934,3.646376,3.0959437,1.3907447,0.0,6.371101,0.2998896,0.0,0.0,3.235653,2.6106644,1.9721869,2.182771,2.3758922,0.9032105,0.84031785,4.757781,0.0,0.4620141,2.7759888,0.0,1.7483963,0.5973085,0.0,0.0,0.78352624,0.0,0.5663034,0.0,1.8683598,1.119275,0.120345525,2.707592,5.908803,1.1699245,1.6556405,0.0,2.2195065,0.0,3.5884354,1.4519916,5.188861,0.0,4.737853,4.306401,4.7598467,1.0704304,2.1258163,3.5536423,0.0,3.5899532,0.10826846,0.036367696,1.7645205,0.63687795,2.475795,3.824353,0.43566906,1.1760043,1.8469744,0.0,0.0,0.0,2.2290173,0.0,1.8865725,0.0,3.0614681,5.3570275,4.146232,0.08540043,2.4557493,2.5665,4.09244,2.0878577,0.0,1.7672065,0.51982623,0.0,0.0,2.373281,3.819554,1.6095968,0.8109937,0.0,3.5187383,3.5247803,2.011869,0.8697552,2.6906567,4.386902,1.4308532,1.8330647,0.6093633,1.4912058,1.4981855,1.731404,0.749945,0.0,2.01157,3.1257477,0.0,1.2110692,0.0,1.3787049,0.48362777,2.110821,0.0,3.2006376,1.0625241,0.0,0.85152966,0.9372885,0.3831529,0.40400875,3.357375,1.0754731,2.2465994,4.1280513,1.3894861,0.0,1.6370561,0.0,0.41351017,1.4229993,0.0,0.34483424,3.195945,2.7081287,1.2076721,0.20656565,0.0,1.0430456,1.4345303,0.46958047,2.8080547,0.0,0.9735837,0.0,5.4690523,2.9234443,0.0,0.57386345,1.3107526,0.393624,0.0859279,0.18177313,2.9661574,0.0,3.0128343,1.5831146,2.4587612,2.5604856,2.4749975,3.4328623,5.9944067,1.6084065
body of caudate,0.93419147,0.39401639,0.0,1.9687206,0.0,0.0,1.884867,3.9002094,0.52781063,0.0,1.5935334,2.30849,1.8668933,0.0,0.0,1.6524228,1.2977372,3.1835594,3.1593497,0.0,4.304067,0.0,0.8610979,3.054994,0.9289988,0.0,2.1438468,0.0,2.2192893,2.7740726,2.4686627,1.254534,0.05652897,3.1829011,2.9844017,0.0,0.8876619,1.3542087,2.2834172,2.605879,0.0,0.9122512,0.87204164,3.770678,2.4593863,0.47878915,0.8689412,2.3645563,2.672541,0.10302697,4.175072,1.9098191,0.0,1.6380644,0.0,1.1932397,1.7897972,0.0,3.170258,0.0,0.8321226,0.0,2.2821114,1.65307,2.1339004,0.0,3.224944,1.7244262,0.0,1.7507869,4.0603905,0.7479815,1.1245456,0.3318823,0.9203617,3.0625608,2.8965907,0.0,1.0401994,4.7565007,1.0737277,0.0,1.045608,0.0,0.0,1.2979523,0.0,0.0475568,0.0,3.1623626,2.278577,2.069254,0.0,1.2269608,1.3743882,0.5941443,2.0292664,4.7864785,1.5876962,1.9078205,3.3211625,3.7783005,1.9316758,1.1504263,0.0,0.82201,3.0681617,0.0,2.0817816,0.5454192,2.6765437,2.8880856,4.0529966,0.7204949,2.366199,0.0,0.0,0.0,3.1638806,1.7625239,1.9514492,1.6756872,4.8571024,1.8609765,0.7674377,1.3534893,0.0,0.0,2.2342174,0.0,0.0,2.0594473,0.0,2.829284,2.5404012,1.6001832,1.936812,1.8406014,1.1166981,0.24677245,2.5062866,0.0,1.3413785,1.4365956,1.7392491,0.0,2.5445979,3.5013785,5.317417,3.1940904,0.85729045,2.663617,0.0,2.1479304,0.44744253,0.7894929,0.0,0.0,0.283421,0.0,2.463429,0.24123827,1.6331118,1.3076136,3.3168871,3.628197,3.6596637,1.1689029,0.0,1.7496563,1.1984278,1.086591,2.562164,1.1933051,0.37361026,0.3699127,0.2941276,2.7092462,0.0,0.0,0.0,0.62141764,1.3338705,0.85428524,0.0,0.0,1.4744875,0.0,2.5750887,0.0,0.0,1.0815313,0.34149256,3.4551947,4.2863503,0.0,0.78074443,0.0,0.6798107,4.2657843,0.0,0.0,0.8659328,0.41617307,0.0,1.1221825,3.724779,2.0382724,0.3665188,2.1556838,0.0,1.7852249,0.6962836,1.8384577,2.6261861,3.0550766,1.9120283,2.5032008,0.6970727,0.0,1.5127125,3.4369164,5.00425,1.6757041,0.44566235,1.2068982,5.9334054,1.6003675,0.0,1.2141185,0.6101349,2.4203918,0.0,1.6172992,0.0,0.0,1.8494397,1.4112195,0.31219172,0.8160042,0.9770072,1.0276877,5.765725,0.3660589,0.61799717,0.23285499,1.0691817,3.2097046,2.890461,1.8692999,1.4694865,0.065956034,2.2739491,1.0700605,3.0364184,1.0153705,0.7216129,0.9909725,0.0,3.6856754,1.7997912,1.9777946,1.9999762,2.0715032,2.9305594,1.5089564,2.4797933,2.1027572,1.3964869,4.6017737,0.0,0.18284756,0.0,3.6483734,0.8070874,0.42389715,0.69619757,1.5411415,3.444169,3.0295644,0.42300245,0.9981036,1.798964,3.3363502,0.6059266,5.030857,0.9197353,0.9804638,1.3727561,0.9560438,0.0,1.2747335,6.8564143,4.7803173,3.8933609,5.062661,0.27127564,1.762617,1.9420246,2.0264888,2.5076358,0.9648727,2.991638,3.1391013,0.0,0.2973658,2.9189825,0.2019116,0.9309276,0.0,1.6860675,2.216996,1.0466173,1.7648444,1.8189139,5.3890305,0.0,3.0041008,3.3280241,0.5006917,4.342457,0.0,0.0,3.3631809,3.476171,2.4990857,4.6735864,2.5047655,0.0,0.35571417,0.64180595,1.4582638,0.0,2.8206804,0.63614845,0.0,1.9380635,0.08243331,0.0,0.27116603,2.150683,2.2571728,0.0,1.0205429,3.0844183,2.1733196,0.67551136,0.0,6.6295705,0.51789224,0.0,0.12648833,3.457066,1.6683279,0.71339256,1.2885417,3.1092105,0.9258328,0.0,6.3955083,0.0,1.5351532,1.4330599,0.050914396,4.010606,0.0,0.0,1.3167071,0.27579415,0.0,0.0,2.2909176,3.4881554,0.48009223,0.96116,3.8012772,4.1268244,1.0684162,0.61216706,0.0,0.61775804,0.0,3.1923714,2.215619,5.123126,0.0,5.74497,2.8043394,4.515771,1.7777778,3.159527,1.7181449,0.0,2.0217488,1.155085,0.0,2.9836378,1.8734812,2.830547,2.8067696,1.0240511,0.25620803,1.4335209,0.2133201,0.0,0.0,0.76950157,0.0,2.020054,0.0,3.9242866,4.271641,4.7180204,1.6271628,1.522984,1.9451596,2.8252733,3.5258625,0.0,1.9202608,0.69966835,0.0,0.0,2.2769446,3.4676871,0.112094924,1.8883398,0.76684326,3.1484816,1.4899919,1.2689843,1.5826044,1.23908,5.2616673,0.9723756,1.8044147,0.54339904,1.2573639,1.3274851,2.853115,0.92339057,0.1329992,0.5298481,3.6646576,2.4153173,1.3945643,0.0,2.6727674,0.6664612,2.5617454,0.0,4.72606,3.1172192,0.0,1.2145308,1.7907468,1.4906621,0.6821729,1.3932577,1.952688,1.6824938,2.8242667,1.5285654,0.0,0.44973272,0.0,0.0,0.90966177,0.0,0.25800285,2.5351808,1.1635982,1.8340762,0.5381588,0.0,2.155633,2.2873886,2.0255089,4.424553,0.0,1.9393744,0.0,5.6587863,3.7715666,0.0,1.570563,1.6632116,1.3848288,0.0,0.9569473,0.8670319,0.0,1.5567721,1.7124995,1.2618701,2.6308112,4.441731,0.9683193,5.352361,2.8388085
Putamen,0.762097,0.709898,0.0,2.4740527,0.0,0.0,0.56950665,3.2278936,1.9648317,0.0,0.8071413,0.7874782,1.6411399,0.0,0.0,2.842771,0.80969095,2.6404428,2.2052524,0.0,2.1526952,0.0,2.2853057,1.1596954,0.45947424,0.0,0.53038615,0.0,1.4948077,0.0,2.4317133,0.4782364,1.1105363,1.2310748,1.6166013,0.0,0.2040486,1.387372,0.09627132,1.3573135,0.0,0.21331368,0.633917,2.7861595,2.463164,0.0,2.201158,0.049852207,1.2731084,0.4430108,1.439275,0.90947276,1.8066915,1.8571539,0.0,0.4081404,2.3304558,0.0,1.4230868,0.0,0.0,0.0,1.8206284,0.5399185,0.26958624,0.0,3.834118,1.2791047,0.0,0.0,2.1374764,0.5173322,0.6169832,0.70691526,0.7249459,0.39015266,0.98376346,0.0,0.5670246,2.795358,1.0781571,0.0,0.6294675,0.15854065,0.0,0.0,0.0,1.2560542,0.0,3.687443,1.4181365,1.5238175,0.0,1.2209984,1.5031562,1.5930153,3.102547,3.235386,1.2482331,1.4435941,1.3273108,2.3211553,0.01569194,1.3774986,0.0,0.35962707,2.4970393,0.10736861,2.0293782,1.2552621,1.6110328,2.704484,4.214458,0.7737945,1.5241789,0.0,0.0,1.5687153,2.5903046,0.18046886,0.8731094,0.92003345,3.3362978,1.0890286,3.085142,0.0,0.0,0.0,1.830152,0.0,0.0,2.7211046,0.0,2.38655,0.74248326,0.4587033,2.4505897,2.557072,2.2012656,1.1873481,2.8127503,0.0,0.89904886,0.7952334,0.4790768,0.0,0.68012315,2.4793873,3.5427492,1.7862908,0.0,1.8428953,0.0,2.9010441,0.0,0.04370593,0.23371223,0.0,0.5034956,0.0,1.8913679,0.03009655,0.63389176,0.8561301,4.6666594,0.89212376,2.1518514,1.4678847,0.0,0.8259237,1.8111783,2.4000664,1.2715933,0.55793285,0.8357053,0.95170724,0.4077919,2.444877,0.0,0.39333898,0.0,1.1049803,1.5502242,1.7275575,0.7269699,0.0,2.699641,0.0,1.6472156,0.0,0.020006325,0.0,1.8677982,1.455273,3.8228173,0.49844033,1.8162713,0.0,1.8331956,1.5683084,0.0,0.0,1.1399848,2.122451,0.0,0.5306662,3.9585931,0.7694955,0.9037323,3.725517,0.0,2.460765,0.865713,1.594575,2.6214495,0.73966354,2.2246199,1.4331853,0.32453603,0.0,1.4013548,1.2894655,3.2260196,0.0,0.36622217,1.3468366,2.852877,2.1185613,0.0,1.1464407,0.0,1.0128765,0.0,0.06378566,0.0,0.0,1.5440624,1.3956015,0.83109885,1.424948,1.823368,0.64661324,2.437055,0.14291161,1.6572604,0.46054325,0.49807322,0.6514254,1.9918038,2.4169872,1.5835857,0.0,2.2006593,0.09124745,1.7996607,0.82795155,1.9760338,0.0,0.0,1.2576712,2.0826113,0.74008876,2.2564142,1.8408602,1.4436797,2.444516,3.0847259,2.4132314,0.8731665,3.0020015,0.0,0.0,0.14842518,4.451081,1.5826778,0.6949642,1.9246138,0.16468364,3.3214943,2.647911,0.0,1.7069938,0.8933125,1.2825251,1.797845,3.7812536,2.087993,2.3536932,1.2573055,0.0,0.0,0.28762385,4.80348,3.7140236,1.8635916,3.7377396,1.2949206,0.8778896,2.930001,1.2341667,1.1858498,0.3022696,1.3759949,2.105856,0.0,0.0,0.9558908,0.59415543,1.1691213,0.5736746,1.4264388,0.0361523,1.8196853,0.23958004,1.923417,3.4912264,0.0,2.3485153,1.9360092,1.6199852,1.6841015,0.22101386,0.0,1.6051642,2.5248675,0.7691812,3.2298214,1.5901619,0.0,0.0,0.5839364,1.9406699,0.0,2.0767548,1.332655,0.11353451,2.6054537,0.027883273,0.0,1.7477698,1.6848615,0.0,0.0,0.76584363,3.156268,0.17556223,0.10667838,0.0,5.5094986,0.0,0.0,0.3740886,2.6827092,0.3527727,2.4626362,1.4626657,2.2346325,2.099138,0.0,4.008581,0.0,1.6427109,0.13021693,0.12822272,2.7345064,0.0,0.0,0.36216205,1.4942405,0.0,0.23254167,0.73189795,1.6468446,1.1462551,0.0,2.1800416,2.9172213,2.4301722,2.042334,0.0,1.3119028,0.0,2.0793967,1.1615125,2.1316373,0.0,3.6527712,1.864465,3.060975,1.3105888,1.8615191,0.76580864,0.0,2.7531636,1.0302167,0.0,1.5410407,2.4363375,0.5594861,1.640808,0.5589063,0.0,0.0,0.0,0.0,0.9857606,2.152845,0.0,2.2393758,1.3290946,2.7353983,3.7356622,2.566781,0.0,0.26584712,1.5906643,1.6000531,0.36704263,0.0,2.9858282,1.2354441,0.20575869,0.0,2.3043299,1.6350389,1.2224106,0.40322524,0.2628773,1.4178615,1.9810476,2.0332198,0.53337234,1.8831128,3.1575127,3.0297081,0.23076732,0.91176647,2.1688623,0.9007755,1.3211193,0.25893137,0.453833,0.8356229,1.9126775,0.5757375,0.1078282,0.0,2.9880886,0.0,0.8509858,0.0,2.0676033,1.2432619,0.0,0.84691846,1.0364972,2.08289,0.6943351,1.7124969,0.2658163,0.24662393,1.3864467,0.66805214,0.0,0.12582885,0.0,0.0,2.497399,0.0,0.9129104,3.3126295,1.4672662,0.42911497,0.0,0.0,1.5709306,1.6533133,1.9554925,1.6759281,0.0,1.4717034,0.5267602,2.5963254,1.5161654,0.0,2.2037823,1.6730947,0.0,0.0,1.2643814,0.067296356,0.0,2.1520653,1.5580459,1.520148,1.9874326,2.407908,0.9681656,3.1522005,2.7781928
posterovemtral putamen,0.0,1.2450821,0.0,2.3064494,4.2373977,0.0,0.5131288,4.5600266,3.020546,0.9300491,1.4626791,2.2236474,0.63203585,0.0,0.0,3.1951182,2.9281723,1.0990549,2.6072514,0.0,0.0,1.1075246,1.4822506,0.0,1.0196207,0.0,3.6627872,0.0,0.050828837,1.1853936,3.7027283,1.4000258,2.9556687,0.023743369,3.1904397,1.0875112,0.0,0.19381729,0.42903736,1.2503827,0.0,0.5565299,1.7264153,0.30117482,1.8431621,0.91793644,1.4943167,0.6641098,1.2510958,2.528758,1.3286167,0.7117798,3.0949857,0.92884934,0.0,0.0,3.8722563,3.8264642,0.7345358,0.0,2.4390986,0.0,0.0,1.7347775,2.5519423,0.25957915,1.782985,0.8678614,3.3988898,0.0,2.1192176,0.61994034,0.0,1.8946432,1.5742186,1.9841096,1.4537218,1.0052928,2.8138282,1.4540588,0.6621194,0.77520865,4.396848,0.0,0.19047621,0.0,0.0,2.4868867,0.0,2.7242324,1.9684978,1.0125941,1.041679,2.429538,2.387893,3.5136328,2.6996672,0.0,1.4270284,1.0363817,0.0,2.6143038,0.85149276,1.2716658,0.0,0.0,2.3919902,0.0,1.6374463,0.88193274,0.42617053,2.073141,4.511419,4.5604095,3.1798303,0.0,0.3303817,5.288603,5.59191,0.0,3.523079,0.0,1.9883769,3.9406724,6.7991247,0.0,2.3758023,0.0,1.5463232,0.0,3.2125292,1.1565021,0.0,2.623433,0.0,0.0,1.336526,0.5474766,2.2257926,2.5608494,2.9364717,0.0,2.6337333,1.8824146,0.0,0.0,0.0,0.0,5.4191065,1.456164,0.06648346,0.22229226,1.4816545,3.420919,0.0,1.4587507,0.0,0.0,0.2103732,0.0,1.5832198,1.1819911,1.9130844,2.3396797,3.5838425,1.1877309,2.6775959,1.0972257,0.0,4.1075854,0.0,1.277204,2.8163939,0.0,3.5667937,1.1084044,1.6747527,2.788235,0.95662737,2.0972502,0.0,0.031301618,2.8252316,1.0627319,0.5742908,0.0,0.0,0.14717716,3.1066313,2.2596035,0.17940047,0.0,2.489084,3.6361938,5.156811,0.0,2.03806,0.0,1.7099572,1.0060802,1.3667632,0.0,1.4923781,1.7161098,0.0,1.9623133,0.41116026,0.0,2.6056578,4.120971,0.2918144,2.354172,0.63922566,2.1239543,1.6326201,2.1356933,4.733702,0.0,1.4229262,0.0,2.8837616,0.0,1.1764437,0.37034768,2.6028507,3.3505611,1.1990391,0.6683066,0.36486185,1.7548809,1.0250676,1.5089386,0.0,0.0,0.0,1.1081344,0.9212662,1.2741907,0.0,1.7245978,3.3732517,0.7785913,3.728071,4.021876,0.579699,0.0,1.8209413,1.0865934,0.0,1.0990725,2.0521286,2.3837838,3.157192,0.0356398,0.0,0.07922602,3.9563181,0.26799148,1.4980239,0.0,0.6106394,1.094166,0.80249155,2.043426,1.1745338,4.0324497,3.5864146,1.7449596,6.0430403,1.9515235,0.81336033,3.0329418,2.7096932,3.6748612,1.7158731,0.26094058,3.3921082,0.0,2.6590633,2.691815,1.0956755,3.8930223,1.8179244,0.7360049,0.65603423,1.7717997,2.9653263,3.2408721,3.669366,0.0,2.7586389,0.0,0.8382998,2.482116,0.16730434,0.0,0.0,0.53899807,3.226467,0.0,0.55241555,0.7475018,2.8450716,2.6769688,3.0326636,0.77921385,1.5873747,0.0,1.068347,1.2035872,4.648769,1.1229247,3.1236932,0.0,0.0,0.918606,0.0,0.0,0.0,2.384043,0.0,2.7410398,0.0,1.957065,1.4757729,1.5542092,3.6854692,2.8811722,0.0,0.0,2.2144563,3.9499657,0.49061543,1.67572,0.5472562,1.0876311,1.9986738,0.0,0.0,1.1504929,1.517119,0.0,0.0,0.0,3.0238342,2.8740916,0.4641216,0.0,2.9198663,0.0,0.0,1.1361043,1.6358377,2.2129798,3.0818257,2.4591408,0.67124194,2.0104015,1.936732,1.3158051,0.0,0.40438175,0.1436387,2.206009,1.2555217,3.5306401,0.0,1.7317184,3.8940089,2.1970582,2.544641,0.5788729,1.4111757,0.7444644,2.7263327,1.0813656,1.2488067,0.5015376,1.9829605,0.0,2.0056696,0.0,0.0,3.2168963,2.0707664,0.0,0.20936593,0.87054855,0.6348851,0.0,2.525082,4.773675,0.0,2.9977858,1.0138885,2.1164036,0.0,3.0250404,1.6117822,4.348238,0.29369318,0.8781285,0.6801125,0.0,1.8941535,1.7520566,0.27298486,3.5007038,0.0,2.9450467,0.08797679,3.4438658,2.4098134,1.282511,2.513088,1.7155709,1.0011954,0.0,0.0,0.5471113,1.7458755,0.23687214,2.505706,3.6560128,3.45023,2.035753,0.0,1.3169329,2.5190372,4.3398814,0.0,0.0,2.0595407,0.0,4.7538366,2.0603955,0.0,2.8101385,1.0887479,2.003628,1.8697803,0.23595048,0.0,0.5759634,0.0,2.1337626,0.0,2.298332,0.0,0.0,0.0,1.7190591,2.0994484,0.0,2.7025487,0.0,3.7090933,0.6299347,0.80979687,1.3205234,0.26161438,3.8995757,0.0,0.0,1.8087556,0.0,3.6095574,2.960664,0.0,5.05788,1.644302,2.3828,1.3071398,0.1455434,0.0,0.0,0.32157898,0.19443908,0.0,1.3646457,0.0,3.3908274,0.0,0.75425667,0.0,0.13294356,1.5698233,0.13399452,0.0,0.0,1.6608664,2.3227046,2.7989857,1.1596949,2.4074264,2.5673466,1.9835767,1.6511078,1.9550887,1.4434347
nucleus accumbens,0.0,2.7887228,0.0,2.1436229,2.6746485,0.0,0.0,3.62964,0.60625863,1.1690233,1.113135,2.1271272,1.3123003,0.68747723,0.0,0.9193258,1.7278256,1.7957677,1.794484,0.0,0.5281459,1.3884653,0.5929287,0.0,0.0,0.0,2.4822803,0.0,1.1190618,0.2911195,4.30731,0.0,1.789316,1.1258204,2.648047,0.0,0.3866052,0.0,0.0,0.9920247,0.0,0.24711059,0.0,0.0,3.2226405,1.8638971,0.34764516,0.26462698,0.0,1.2350663,1.5579782,0.37997565,0.0,1.2750337,0.0,0.0,3.1612725,1.8284335,1.0459844,0.0,2.069866,0.0,0.3970222,1.9522513,2.074159,0.0,0.0,1.8105978,0.58651435,0.0,1.8029435,0.5560662,0.0,1.0035619,0.18104261,0.72994226,2.6724906,1.0984482,3.20394,0.7434878,0.5490347,0.22213116,4.2522516,0.0,0.0032148734,0.0,0.0,1.8120308,0.0,0.6585376,1.0186675,0.97144175,0.0,1.1232156,2.8590944,3.086215,3.40184,0.39501384,0.30711475,0.0,0.0,2.0987263,3.3268085,0.46298212,0.0,0.0,0.0,0.6345603,2.9299183,1.2538803,0.29707474,0.7370664,3.7244513,2.2119787,2.5950842,0.0,0.43185967,3.1664298,2.478819,0.97096074,0.0,0.0,1.1107205,5.117884,4.177024,0.0,2.1482036,0.0,0.0,0.0,1.8962483,1.4439133,0.051067695,0.5879126,0.88375026,0.39352363,0.0,0.6916886,0.9768416,0.12721863,3.0954094,0.0,1.5907321,0.9642901,0.0,0.0,0.65913785,1.3160559,3.6720872,3.144862,0.41209528,0.0,3.2260435,3.6008432,0.7312349,3.0378714,0.0,0.0,0.5222509,0.0,0.0,1.1324415,1.5502163,2.5531757,1.9452243,0.0,2.6102443,0.32626575,0.0,3.2646544,0.0,2.1202867,1.3348528,0.0,1.1960535,0.0094083175,3.1570184,1.6127222,0.549729,1.2904754,0.0,0.0,0.73745316,0.12335031,2.4865499,0.82486486,0.0,0.21235389,3.863946,2.6497555,0.0,0.47388595,1.2833443,3.6618001,4.0065575,0.0,2.660997,0.0,0.78927875,1.9333826,1.8169042,0.0,0.0,1.9944264,0.0,0.12004635,0.5402014,0.0,1.6370901,1.6688623,0.0,0.7579559,0.21770234,2.881013,2.4400337,0.9989588,3.8306353,0.0,1.984664,0.0,1.691587,0.0,2.136205,0.0,0.37268478,2.479848,2.1588619,0.0,0.0,3.1840937,1.106241,1.186645,0.05600508,0.0,0.0,0.50593174,0.32874954,0.0,0.6746492,2.2554984,0.5685571,0.0,4.871554,1.8968599,0.0,0.64673746,0.65574044,0.0,0.0,0.0,0.0,0.0,0.1372128,0.175311,0.7427136,0.61205333,1.0934974,0.0,3.174235,0.0,0.3519837,1.500902,0.0,0.25705025,0.7818958,0.6152369,1.6806676,1.7398577,4.6887245,1.7308267,0.28489283,2.8362658,1.3983781,2.594846,3.2369294,2.0188417,2.1193044,0.0,0.7525522,1.0900735,1.0502464,2.2599435,0.6901369,0.6472522,0.7262432,2.5833137,1.3572556,1.6394404,2.5591705,0.0,0.18983954,0.0,0.541107,1.7137187,0.48641482,1.1862218,0.0,0.0,4.817037,0.0,1.6769898,1.3665084,1.336825,1.6174061,2.6128492,1.5516555,0.38886833,0.01829341,1.3502975,0.2980468,2.9965897,1.8903112,1.7078434,0.0,0.0,1.3546728,0.0,0.0,0.0,2.3782475,0.0,0.7514984,0.0,1.4464114,1.0328742,0.98814625,3.8028378,3.0184984,0.0,0.0,2.3734164,4.401682,0.0,3.7873757,0.96543723,1.3839729,0.21135554,0.0,0.0,0.2760902,0.0,0.0,0.0,0.3161,1.6104183,3.3384955,2.055034,0.0,1.4875016,0.2219966,0.9125454,0.28251964,2.0199933,3.025033,2.5048995,2.7272153,1.6494662,2.3365624,1.5508618,1.7224399,0.0,0.0,1.5090746,0.3046634,0.22438684,3.504023,0.0,0.0,1.744158,0.976153,1.2591027,0.045555774,0.22185203,2.4195113,0.7545414,1.7633723,3.338205,0.0,2.017444,0.0,2.3888726,0.0,0.0,2.2602608,1.9367944,0.0,0.0,1.3020357,2.3718596,0.0,0.5535517,4.940452,0.0,1.2335851,0.0,1.7299657,0.0,0.7342677,0.0,3.5314689,0.0,0.26711628,2.2690375,0.758125,1.4853722,0.0,0.17019735,0.5201256,0.15240707,0.26592645,0.0,1.612304,2.34922,0.0,1.488671,1.4609121,2.6479442,0.9605296,0.0,0.7374042,0.9369883,0.24151886,0.27154675,1.0273114,1.3077313,0.60725266,0.69239175,0.18865602,1.5567462,5.0185294,0.0,0.77913475,0.64180505,0.8603316,2.4666712,1.9154236,0.31191972,0.891637,0.23544471,2.2579715,0.0,0.0,0.0,1.2290353,0.0,2.3828213,0.0,1.407929,0.57622963,1.4867768,0.0,1.6057168,0.26750255,0.0,1.1909118,0.0,1.0377651,0.5736033,0.79087317,1.4354646,1.8058516,3.4629977,0.9512729,0.0,1.4643486,0.0,0.0,0.5734729,0.0,2.955449,0.0,2.665232,1.3694648,1.4357203,0.0,0.5399386,0.12282663,0.109483294,0.0,0.75368994,0.6036713,1.4795184,0.97362655,1.8664936,0.0,0.8534359,0.8462706,2.8863943,0.52728724,0.0,3.055459,0.0,2.6662703,0.15848617,1.9075904,2.2224119,1.1017582,1.4372545,2.649384,0.47686967
external segment of globus pallidus,0.0,1.0978023,0.0,1.8918263,0.43312117,0.0,0.0,0.63465923,0.022251619,0.5804543,0.72884035,0.9780117,2.095737,0.2498341,0.0,0.46387014,0.6923294,1.8219097,3.052057,0.0,1.2593334,0.0,0.79901147,0.0,0.0,0.0,1.1279465,0.0,1.9294224,0.0,2.547635,0.1562722,1.9912177,0.0,1.136849,0.0,0.87507766,1.1125202,0.2665881,0.59469205,0.0,0.0,0.06470193,2.7989416,3.7922876,0.11745839,1.3662899,0.0,0.0,0.0,0.0,1.6291764,0.0,1.2424146,0.0,0.6270972,3.3990076,0.0,0.08144076,0.0,0.13470717,0.0,1.8345613,0.18647823,0.58584,0.0,3.170044,0.3413138,0.0,0.0,1.3733431,1.1558878,0.0,1.992907,0.17772138,0.0,0.12660974,0.43235,2.3914857,3.1450944,0.8727226,0.0,1.9515717,1.2276865,0.0,0.0,0.0,2.0633416,0.0,1.4371898,0.5800744,0.7446519,0.0,1.7737879,1.7045956,1.8414897,2.7751663,1.4294157,0.0,0.0,1.344795,0.657467,0.7124888,1.5942391,0.0,0.26540458,0.026324969,2.4592247,0.8724234,1.1274217,0.0,3.039599,3.0837195,0.8505337,2.5720975,0.0,0.116184026,2.918783,1.0162836,0.28789032,0.30212283,1.3397591,3.105709,1.7495904,3.045017,0.038104054,0.812946,0.0,0.0,0.0,0.32453248,2.112,0.0,0.0,0.0,0.59112334,1.7702864,2.0394752,0.8833861,0.57523197,1.8195552,0.0,2.238394,1.6667404,0.2544242,1.2944689,0.0,0.838315,3.3278706,0.87857276,0.0,0.3284682,0.0,3.995184,0.0,0.6715451,1.4422241,0.2728822,1.3874105,0.0,0.82499856,0.0,0.71643275,1.1157322,2.8018053,0.13738538,0.74745905,0.0,0.0,1.9872527,3.0601647,2.8594158,0.0,0.521949,0.6697945,0.63988614,2.0117404,0.8493114,1.4031156,0.3462107,0.0,2.533335,0.0,0.41701674,2.3172483,1.7386214,2.572574,0.0,2.1372612,0.59447545,0.6416179,0.0,1.6677253,1.4919158,2.4628048,3.0064363,2.141718,0.0,1.9555539,1.089667,0.0,0.0,0.27825642,1.0393304,0.0,0.0,3.2646,0.75762707,1.94779,2.2428439,0.0,0.7778582,0.8492631,1.7893667,2.0412426,1.6715169,1.0920451,0.84331715,0.3076672,1.0847576,1.245511,1.550548,3.052049,0.0,1.0303944,2.8467362,0.4938242,1.1916358,0.266707,2.1916323,0.0,0.93753153,0.0,0.101971716,0.0,0.0,0.0,1.0576639,0.0,1.1856462,0.64625305,0.0,2.021333,0.0,0.11569412,0.0,0.6302506,0.0,0.44654307,1.214449,0.0,0.0,0.24535672,0.026997065,1.2182775,1.7574959,1.6086522,0.0,1.8212242,0.0,1.5370023,0.6995767,0.21578118,1.7497765,0.5148587,1.8823742,2.8211997,2.9116879,2.04705,1.5355692,0.21271674,0.2165907,1.7851596,2.8025258,1.947328,1.4093299,0.6367489,0.0,2.936385,1.6980942,0.09107299,0.9959747,1.1373162,2.0689883,3.2515256,1.4511818,0.3495689,1.291722,1.3668846,0.0,0.0,1.176596,2.7324836,2.7210898,1.4286627,2.641944,0.0,1.3257705,3.743364,2.6021473,1.4180691,0.0,1.3204441,1.3060954,0.98550355,0.48035106,0.0,0.0,0.8936832,0.11419514,1.4434803,0.4334011,2.327104,0.0,1.0384545,0.4074419,0.0,1.2490454,2.1559074,3.0613687,1.0317534,0.024413921,0.0,0.0,1.2208918,0.43477076,2.421461,2.127039,0.0,0.0,0.98406225,2.6101153,0.0,2.3445313,0.9001054,0.0,0.6551844,0.0,0.0,1.4628046,2.3066137,0.0,0.0,1.3281598,2.9086602,0.08348726,0.721616,0.0,3.5125892,1.2360448,0.0,1.156721,1.605284,0.96543115,2.8445692,1.2624855,1.0226501,1.1771525,0.0,1.9702066,0.0,2.095899,0.6199091,0.588865,0.7648584,0.8794693,0.2858712,0.4889481,0.67615396,0.939329,0.0,0.0,0.0,0.7596883,0.0,0.5633068,2.256499,1.5210507,2.5903945,0.0,3.064372,0.0,0.53183824,0.16193977,0.29739112,0.0,1.7095364,2.0050635,1.3558135,0.0,1.2325712,1.6041887,0.0,0.66309863,0.0,0.0,0.1295551,1.5126643,0.0,2.3115082,0.22466373,0.00042281067,1.3045019,0.3125116,0.6169914,0.0,0.4045999,0.0,0.9095492,0.8492242,1.7374898,1.3058871,1.5244089,0.0,1.0883003,0.02570527,2.4917998,0.39617994,0.0,1.6000887,1.1397043,2.2272377,0.0,0.121435754,1.5010184,0.0,0.0,0.33657667,0.48703542,2.3119893,1.3320322,1.4461085,0.0,0.9342434,3.3767312,0.0,0.40770617,2.2562876,1.5111253,0.0,0.22619455,1.3317134,0.26139084,0.643206,0.0,1.5796294,0.0,2.4348285,0.0,0.73581177,0.0,2.5200593,0.0,0.0,0.0,1.3146423,1.8596683,0.15609567,0.0,0.74915165,0.21576124,2.049409,1.6553975,0.05929105,0.31758767,0.14550015,0.0,0.9035896,0.0411229,2.479187,1.2599224,1.1482136,1.585423,0.48689952,0.0,1.3386788,1.6182492,0.4793098,0.83370066,0.0,0.54468,0.80373114,0.0,0.9483962,0.0,1.9439567,2.1805952,0.0,0.33145517,0.47609732,0.04763934,0.0,1.7529926,0.007746212,1.4321334,2.8433392,0.0,0.0,1.2427459,1.4621351
internal segment of globus pallidus,0.0,2.9282553,0.0,0.6948854,3.4094057,0.9512109,0.0,1.3892093,0.0,1.1022987,0.5699202,3.0190485,1.0802337,2.0567725,0.0,0.87289137,3.0694559,0.7050439,1.3528702,0.0,1.1557993,0.77265507,0.0,0.0,0.0,0.0,1.9452591,0.0,0.9073296,0.15347339,3.216807,0.9387373,2.968666,0.0,1.8914467,0.0,1.2154009,0.7995993,0.8347191,0.0,0.6488191,0.0,0.2080691,1.7712505,3.650181,0.33293402,0.0,0.6404397,0.0,0.0,1.2298427,3.088949,0.0,1.5568329,0.0,0.0,4.4799414,0.24653202,1.7261711,0.0,1.0912944,0.0,2.1402977,1.2543663,0.4879709,0.0,2.306542,1.3002999,0.0,0.0,2.3540697,1.3861617,0.0,2.4988642,0.0,0.42480096,1.3061305,2.7981236,2.2918472,2.220976,2.0909777,0.0,4.2650166,0.0,0.0,0.0,0.0,3.218785,0.0,0.5701439,0.41021964,1.5174415,2.0291264,1.6563991,1.1045187,2.9830346,2.1670763,0.6658445,0.0,0.0,0.4595402,0.89424455,2.1301699,0.4031815,0.0,0.0,0.0,2.359531,1.2537286,0.6633767,0.0,2.8557909,3.2163455,4.0811086,3.5557103,0.0,2.4860094,4.340848,1.5665721,0.0,1.4632334,0.0,2.0049028,2.6913161,4.878333,0.24765731,1.9422439,1.2391578,0.0,0.0,0.0,1.33351,0.0,0.0,0.057066087,1.7131232,1.0000422,0.0,0.56871045,1.8482792,1.9085324,0.0,1.9242651,0.59018105,0.95181733,3.019211,0.0,0.0,3.5319633,1.1288921,0.0,0.0,1.0042415,2.944456,0.6871548,2.9712133,0.9222495,0.049125843,2.2032292,0.0,0.0,0.0,0.99891967,3.9346302,0.53860873,0.0,1.2764941,0.0,0.0,1.4157969,1.3843511,1.9180558,0.7334492,0.250788,1.1329408,0.22140506,2.6255903,1.6936073,3.2713752,0.72156554,0.0,1.2295948,0.0,0.45645666,2.9671621,3.7276433,2.2056751,1.462129,2.1312156,2.7681653,0.95349735,0.0,0.43820632,2.2052212,3.9055398,2.8360078,2.0403926,0.0,1.5460474,1.7350452,0.8731039,0.0,1.388457,1.0627867,0.0,0.0,1.6540267,0.8711553,2.5336251,1.1294823,0.0,1.3174016,0.83724993,1.5113481,1.6566014,0.5968542,2.1260817,0.78680146,1.2236803,1.5124679,1.8061002,0.0,3.056862,0.0,0.8670074,3.552553,0.45217285,0.55711764,0.19499013,2.9951143,0.0,0.037921235,0.25157067,0.0,0.0,0.34050828,0.0,1.6708579,0.9046465,0.12552947,1.7589799,0.0,3.2030284,1.5738982,0.0,1.7974013,0.59631115,0.8605051,0.0,2.0002007,0.9580747,0.61932296,0.0,0.0,0.44993216,1.8504997,0.96269953,0.84200525,3.9698696,0.0,0.8756954,0.77688164,0.35056087,2.3010967,0.6325894,1.4470409,1.6326088,1.7567542,4.9924684,0.56845945,0.8790593,1.524116,2.6244075,3.8604786,3.0543528,1.4875392,0.0,0.0,3.0112143,1.5319306,1.3429297,2.1407216,1.5589406,2.4861357,4.279061,0.38212356,0.1971024,1.1374285,0.3118963,0.0,0.13020396,0.4743846,0.52006364,1.3449851,0.0,1.8508352,0.0,0.84999985,3.7096255,2.404564,0.061251286,0.842361,0.85064,0.0,3.9079528,0.7327997,1.7741764,0.0,0.0,0.0,2.2051177,1.3813783,3.5592597,0.0,0.7274368,0.18143909,0.0,0.42221645,2.999216,3.573377,0.29126364,0.5110727,0.0,1.3511158,1.6131369,0.0,1.0079426,2.84727,0.0,0.0,1.84031,2.476769,0.35019863,2.5961149,2.068366,0.0,0.0,0.24040046,0.0,0.024609327,1.3071395,0.0,0.0,0.0,1.968498,1.4772527,0.0,0.0,2.8115172,2.2251835,0.8910825,2.3920436,0.6726397,1.9092741,3.2496934,1.9179977,0.28665623,1.1395504,2.400308,0.0,0.42974517,1.6876217,2.798859,2.0767133,0.0,2.55249,1.5593745,1.4549531,3.637143,1.2020813,0.0,0.0,0.0,0.7149736,0.8858969,0.85819197,1.7913122,0.388737,2.5505536,0.0,2.5711293,0.0,0.1714913,0.0,1.8242364,0.0,1.1196367,0.9444527,1.0383446,0.5887889,1.6486723,3.492941,0.0,0.13622528,0.028985107,0.6536631,0.36030763,0.0,0.0,2.7524304,0.0,1.3448603,1.7416785,1.5007452,1.0801119,0.0,0.0,0.90021306,0.0,0.9670883,0.8036125,0.0,1.7041153,0.0,3.202573,0.74682516,3.9483774,0.0,0.0,0.0,2.1356804,3.183298,0.0,0.0,1.2183719,0.0,1.2390628,0.44823855,2.141854,3.6534262,0.24631868,2.3409967,0.12679687,0.0,3.9236984,0.2917428,0.91827196,0.9584351,2.097007,0.82440615,0.0,0.65191483,0.0,0.0,0.0,2.0414758,0.0,3.5540147,0.047016494,0.7838296,0.0,2.0608318,0.0,0.0,0.0,0.4596268,1.5282003,0.0,0.09375084,1.2775042,1.4336702,3.954865,0.19437933,1.0610156,1.0157038,1.0150633,0.0,1.0698466,1.1841687,2.4273298,0.4651138,2.1850176,2.3222136,1.3841181,0.0,0.56992036,2.580729,0.0,0.61864674,0.0,0.7078632,0.21476184,0.0,0.0,0.0,0.053247795,1.7471608,0.46993226,0.0,0.0,2.3329616,0.0,2.1856756,1.1270531,2.6016378,3.1501064,0.15321667,0.46266472,0.0,0.0
mPMtha,0.0,1.050231,0.0,0.0,0.24219075,0.16614081,0.0,0.0,0.0,0.6707962,0.689157,1.7102077,2.9588583,1.6385727,0.0,1.324722,1.6885607,1.310382,1.4278458,0.0,2.5029368,0.0,0.052428253,0.73875517,0.890115,0.96164596,0.5667033,0.0,0.38400137,1.5862887,1.5244173,1.0310369,1.6256659,0.0,0.0,0.0,1.751941,2.7761312,1.2567474,0.0,0.6041319,0.28156078,0.6032222,2.4522767,1.6111642,0.0,0.7500004,0.0,1.2531149,0.0,0.834957,2.171662,0.55538386,1.4522953,0.0,0.8299401,2.1947362,0.0,1.2901255,0.0,0.51511014,0.0,1.9654686,1.511126,0.48196095,0.0,3.1510963,0.74021316,0.0,0.0,0.70641786,0.8662039,0.6610468,2.0257094,0.0,1.072864,0.0,1.5485593,0.6739061,3.3148112,2.887793,0.0,1.4117974,0.94559926,0.0,0.5232165,0.0,2.5356114,0.0,0.9676889,1.2721475,1.6858916,1.5997983,1.3745563,0.61228037,1.9960455,1.3089715,0.40460747,1.0199561,0.0,0.28358287,0.17125054,0.6469569,1.7217935,0.0,1.6969187,1.2105279,0.88935965,0.7927035,1.5994182,0.0,2.4410603,1.9123307,1.5461713,1.5269893,0.0,1.8081837,2.0466962,0.87441075,0.0,0.3371311,0.8512118,1.8532794,1.8188651,2.7510834,1.3282106,0.8678017,0.38987428,0.0,0.0,0.12954824,1.4277836,0.0,0.0,0.0,2.447541,2.675642,0.51084465,1.6093321,1.1521301,1.2680238,0.0,1.294805,0.81680757,1.382759,2.278613,1.1509851,0.30401966,1.4974548,1.1464702,0.0,0.58424556,0.0,1.4076378,1.4121757,0.92952,0.6006896,0.08632856,1.2613231,0.0,0.85947794,0.0,1.0236266,1.851343,0.549612,0.3353977,0.015102807,0.0,0.0,0.15065013,3.1603627,2.5312526,0.6317657,0.37277967,0.6642067,0.97077465,1.8822112,0.8042913,2.8536654,0.009234907,0.0,2.3664443,0.25876448,1.118592,1.6247649,2.290592,2.7092624,0.5256955,0.86532915,2.131643,1.5797572,0.0,2.2851624,1.0447875,1.8881898,2.010775,1.1931822,0.0,1.174066,1.1202765,1.1404718,0.0,0.7320165,1.0670902,0.0,0.5136365,0.9273079,1.9301376,2.2253501,0.8696348,0.20076495,0.37018645,0.35567808,0.0,0.80620295,1.0553106,0.0,1.452554,0.56045836,1.6179423,1.2137985,0.89732856,3.1881306,1.5714109,0.50156635,2.4560125,0.32084745,1.3400869,0.0,1.2879629,0.06399092,0.13732551,0.0,0.33039373,0.0,0.0,0.6412393,2.1303039,1.5472049,0.2954934,1.0235153,0.8014183,0.9376355,0.7327266,1.7856592,2.3030741,0.0,1.0623425,1.5786558,2.5296657,0.8462684,0.42655578,1.3448464,0.0,0.89328086,1.9654806,2.4060693,1.4860686,2.4152443,1.3777168,0.59655255,0.0,0.8055934,1.3425288,0.45688704,2.373284,1.8079191,2.1226046,2.209579,0.4012649,0.83464175,1.3534658,1.7043346,1.520604,0.91039884,0.46138793,0.0,0.0,3.212325,0.3424453,1.8342097,1.5922875,0.9608854,1.3776981,3.6371446,1.1889552,0.53604245,1.9546884,0.5579338,0.24862254,0.0,1.1543489,1.3076682,0.6839991,1.0116626,2.715148,0.0,1.3869376,1.4529269,2.9629924,0.020808998,1.1824937,0.0,0.43324175,1.5601877,0.5253335,1.8582759,0.042588264,0.39548334,1.7997755,2.363995,0.311746,2.453884,0.24204752,2.4977474,0.9070769,0.0,0.5167834,3.453857,1.4385557,0.5812875,0.0,0.0,0.6438391,1.8221891,0.46516645,0.1327093,1.8270576,0.0,0.56138706,0.89319605,2.1559412,0.0,0.9955673,2.7122421,0.0,0.3839265,1.8101293,0.0,0.0,2.359264,0.93371886,0.0,0.8986894,1.9598651,0.6221672,0.0,0.0,2.5245407,0.87490135,0.0,2.2552202,0.44930413,0.5897543,2.170885,1.2422417,0.14808449,1.0175297,0.76009065,0.33285064,0.81816757,1.9581156,0.8322621,1.8965906,0.5005033,0.61164224,1.1449515,2.2370331,2.2779393,1.176391,0.0,0.39533114,0.3729221,0.0,0.91336167,0.6654848,2.7520883,1.9298614,1.0287728,0.0,1.578251,0.0,2.3730264,0.3659428,0.42464045,0.0,2.2659302,0.6833484,0.6284852,1.9910318,2.3026109,0.8752829,0.0,0.12473768,1.8533484,0.0,0.25101072,0.5438251,0.039493293,0.36913657,1.012057,0.6520702,0.89044994,1.6887716,0.0,0.0,0.0,0.0,1.8265795,1.9697046,1.805941,0.0,2.0080333,0.0,1.2803209,0.92680675,2.4411666,0.0,0.0,0.80207145,2.0838244,2.7300663,0.0,0.37022933,1.3262197,0.0,0.6401094,0.81637806,0.22842401,1.2785593,0.38146734,2.1219947,0.0,0.5000616,2.757209,0.0,2.1406171,0.0,2.068301,0.78929293,0.76246345,0.18133731,0.0,0.0,1.1242089,0.44480258,0.0,3.8686764,1.419893,0.12796395,0.0,1.7995461,0.0,0.0,0.0,0.4719013,1.3791239,0.65202904,0.22454908,0.52776074,0.79690295,0.47375238,0.43121782,0.42112547,0.95849454,0.77883923,0.0,0.38864,1.901172,1.6569073,1.5234294,0.64309716,1.2690768,0.29263225,0.0,0.9716564,2.975515,0.0,2.0049138,0.0,0.93030155,0.2949542,0.0,0.0,0.0,1.3687232,0.67138016,0.24757141,0.59935683,1.4508396,0.55054784,0.0,1.7279465,1.045748,1.1541932,3.346907,1.5601224,0.0,0.38112617,1.0269749
Stha,0.37751406,1.0284016,0.0,0.0,0.0,0.0,0.0,0.0,1.428079,0.8540113,0.79330873,2.1918314,3.4102132,2.126411,0.0,1.2467984,1.733725,1.6461626,1.7809397,0.0,3.0765948,0.25579643,0.5173152,2.0178475,2.4601202,0.528051,1.8193401,0.0,0.78747815,2.34585,0.30990854,1.3515377,0.769173,1.3654317,0.0,0.0,0.752767,3.0810194,1.888504,0.8163289,0.9037353,0.0,1.3449208,2.7895107,0.0,0.0,0.34980065,0.0,1.4180397,0.0,1.474592,0.9810622,1.3875439,0.6791135,0.88473344,1.2553331,0.53940046,0.0,0.6331193,0.12863252,0.0,0.0,1.660551,1.161359,0.5687106,0.0,2.1209848,1.3992803,0.0,0.0,1.8519518,0.85560495,2.7513115,0.89401656,0.8230973,1.5819519,0.1221609,0.70743775,0.0,4.351049,1.6045485,0.0,0.0,0.8292457,0.0,2.807861,0.0,1.7208321,1.5161364,0.8287888,1.5516679,2.1140363,2.0346746,1.5913545,0.7258707,0.090705246,0.024948906,2.0336273,0.79479104,0.0,1.3803687,0.019575555,1.172779,1.6511842,0.0,1.743048,2.0910342,0.1250281,0.7815543,0.7726548,0.0,1.7802695,0.39800006,0.89338315,2.0321062,0.3112274,0.70963144,1.4598608,0.025291571,0.9245794,0.0,2.201492,0.62600344,1.3413203,0.32256988,2.0561545,0.0,0.86221755,1.6451768,0.0,0.0,0.24024743,0.0,0.0,0.0,2.9270456,1.7996945,1.1317569,1.149232,1.5313648,0.030053575,0.0,0.255792,1.1365417,2.5632443,1.8710519,1.7761548,0.32081404,0.54577655,1.273627,0.0,1.2760284,0.0,0.0,2.7188969,0.22625759,1.7827009,1.8860497,0.76138985,0.0,1.2382276,1.1798325,1.168259,1.10031,0.0,0.89038163,0.59045446,0.26416004,0.0,0.35795212,3.2613142,1.6975462,1.7872691,1.156905,0.8904838,1.321405,1.5591943,0.46377227,2.9361644,0.0,0.0,1.2042075,0.24968486,0.9218098,0.47491625,0.793908,2.56127,1.3527205,0.29308647,0.8233413,2.9082255,0.0,3.1663537,1.1534656,0.3542886,1.0264468,0.0,0.0,1.9021823,0.19523571,1.3486005,0.0,1.060622,0.04566345,0.0,0.37920797,1.4714838,3.0606513,1.3631886,0.42513555,0.1275884,0.07042245,0.0,0.0,0.0,2.0075674,0.0,3.026873,0.55484366,1.4101629,0.3368052,2.3986967,2.0183547,3.7517838,0.7348181,1.9708616,0.0,1.8267657,0.0,0.0,1.1085665,0.6347743,0.0,1.6588445,0.0,0.0,2.2333736,2.9514067,2.6635394,1.0179163,0.2006471,2.2000434,0.6031142,1.0823922,1.843747,2.829004,0.5056885,2.7413428,1.8203797,2.539465,1.9460981,1.2677587,3.068633,0.32695392,1.2111892,1.9172405,2.0779574,3.032768,0.4365228,2.5372255,1.2818748,0.8856215,0.15743499,1.0313725,1.8806796,2.158043,2.1106622,1.4750801,0.17495738,2.5165458,2.4735515,2.0712523,0.0,1.0040816,0.0,1.4343966,0.0,0.0,2.9352193,0.0,1.9676619,0.82400334,1.0976174,0.542244,2.5339425,1.6961666,1.1850364,0.9014653,2.275438,0.6688323,0.0,1.6214871,1.9048525,0.0,1.9435292,1.7561353,0.0,3.0162303,0.09355745,3.0836055,0.7287441,1.3926036,0.0,0.73629093,0.9016106,0.8337499,2.29184,0.0,0.8608746,0.93222475,0.14546107,0.94257,0.7040051,2.2488399,2.6311548,1.4232888,0.0,2.7723916,3.6842403,0.0,1.1477398,0.0,0.0,1.2876817,1.8707136,0.124172315,0.0,2.1612933,0.0,2.353757,0.0,0.2026303,0.9880427,0.13967986,2.4295807,0.0,1.2062378,2.811216,0.0,0.0,2.2536502,1.5709311,0.0,0.9977529,1.8724104,0.49059764,0.0,0.0,3.2654462,1.4662037,0.0,1.6399785,1.6354114,0.34806243,1.6587908,0.05044792,1.0616387,0.74525,0.43149424,0.54610723,0.83186483,2.2817726,0.0,2.112101,0.8970956,0.1513632,0.9800409,2.3589015,2.449808,0.30283633,0.0,2.943793,0.80856895,0.0,1.4881836,2.1291919,2.7003286,1.8192607,0.0,0.0,0.6743646,0.0,2.8635528,1.3528447,1.056309,0.0,3.447523,0.41953894,1.3804474,2.348705,3.6405773,0.0,0.0,1.308256,2.960036,0.0,0.65276223,0.6209554,0.89136064,0.0,1.9466835,1.6321908,1.0544871,1.325138,0.0,0.0,0.0,0.0,1.7786765,2.664865,2.4999564,0.08418465,2.5035563,0.09798452,0.75942963,0.66084254,1.6947124,2.440776,0.0,0.63584447,2.4832413,2.5584633,0.0,1.3911912,1.9131228,0.0,1.8406084,1.2317986,0.050703794,0.17796612,1.1849551,2.4829612,0.0,2.598553,2.2249544,0.0,1.5724535,0.0,1.082639,1.5660093,2.3851006,1.372261,0.0,0.7779183,2.7675905,1.0535752,0.0,4.3149037,1.797584,1.1607198,0.0,2.1926308,0.861125,0.0,0.0,0.0043615177,2.4527013,0.25471205,1.1224978,1.0561496,0.038438223,0.0,1.2241893,0.0,0.17921714,0.34263763,0.0,0.04863203,2.3958616,1.1974008,1.9639494,0.69275576,0.19848242,1.3766687,0.0,0.98660296,3.4097183,0.0,2.6549447,0.0,1.0831727,0.5855753,0.0,0.0,0.0,1.618794,2.0063264,0.5181971,0.46976137,2.0414476,0.0,0.0,0.87357074,1.2183925,0.0017777756,2.6991441,2.9501324,0.0,0.72267336,2.7602172
PPtha,0.26463404,1.5655085,0.0,0.0,0.21474144,0.0,0.0,0.0,1.0316449,0.26826906,1.2831786,2.3601348,3.0787475,1.944822,0.0,1.012771,1.5018233,1.4592091,1.5632621,0.0,4.2248025,0.0,0.41846806,2.4354382,2.0963566,2.185931,2.0413082,0.0,1.8547322,3.8196404,0.10043414,0.50451773,1.2701627,1.3973855,0.0,0.0,2.171924,2.7593784,3.5333433,0.08015527,0.118316814,0.17347093,1.9051996,3.3887277,0.30793744,0.0,0.9968879,0.0,2.5317528,0.0,1.5588992,2.0751073,0.0,0.7886411,1.6510735,0.26747614,0.55065095,0.0,0.9219793,0.120227315,0.6873907,0.0,2.497352,1.7542303,1.6627289,0.0,3.1354356,1.2861692,0.0,0.56169385,1.182883,2.413527,3.1231918,1.8284563,0.33579165,3.322049,0.6824106,1.5534693,0.8156786,5.6876354,1.6560953,0.0,0.0,0.09507486,0.0,2.3302815,0.0,1.8046769,1.0830116,0.7579966,1.817352,1.1591944,2.6636338,0.3593538,0.1477168,1.0163403,0.15433879,1.8811475,1.3938235,0.26805097,1.2853323,0.0,0.6097889,0.7425234,0.0,2.1981573,3.1172826,1.7917633,0.8216353,0.48617062,0.0,0.90905744,1.6509899,1.4657378,1.8131694,0.29250592,0.5674325,1.4916422,0.225257,2.225552,0.0,2.3673146,2.247773,0.9545186,0.5239033,1.4857551,0.0,0.21697454,1.2882028,0.0,0.0,0.39167485,0.1490569,0.0,0.96629816,2.1731818,1.5172244,0.91855747,0.20546323,0.7198069,0.0,0.0,1.2247133,1.0815505,2.5431886,2.0102913,3.6243505,0.20461155,1.7488647,1.1827065,0.545445,1.9406135,0.0,0.13809237,3.2802558,0.7664686,1.6569567,1.7054324,0.42698577,0.0,0.6554336,2.3450036,0.30218542,0.809608,0.0,1.3311677,0.9048151,0.81948394,0.0,0.74981683,3.366034,1.4168761,1.7342806,0.5397885,0.61594373,1.8672546,1.78527,0.83414733,3.0524514,0.0,0.0,2.7326117,0.3457815,1.3249822,0.37152448,0.21776728,2.370043,1.3307436,1.2841266,0.86740774,2.5012252,0.0,2.9348905,1.3582263,0.0,0.42401057,0.21056138,0.0,2.4488533,1.1179094,2.2815604,0.0,1.5824897,0.0,0.0,2.390113,0.9434936,3.6590946,0.85158575,0.0,0.9091048,1.0112597,1.233452,0.0,0.0,2.0253499,0.0,3.2946248,0.09660944,3.3109486,1.0275736,1.4525672,2.704487,4.1891212,0.863828,1.8854254,0.0,0.83273584,0.0,0.0,1.364529,1.834928,0.0,0.58692116,0.0,0.4476052,2.8453114,3.3998353,2.3274102,0.15137938,1.0119504,2.7551727,1.030506,1.5548507,1.5837965,2.429825,1.1221913,3.6627207,3.443125,2.4080803,2.3843503,1.1285778,1.842829,0.3165047,1.5766056,1.9421108,1.9786925,2.571903,2.0343416,2.4730473,1.2445776,0.543985,0.064735994,2.4094205,0.7005362,0.77134657,1.7739165,1.1473063,0.94075495,1.510396,2.8412778,1.6770837,0.083749995,0.48060444,0.0,1.6114115,0.0,0.09620568,2.303403,0.15046342,1.0056767,0.12100388,1.8568828,0.0,2.8454525,2.116909,0.24032608,0.3387473,1.2419014,0.36413354,0.0,1.9425852,3.0529556,0.0,3.4386804,2.3295784,0.0,2.3934877,0.42863375,2.7598803,0.09077793,2.444917,0.2642386,0.0,0.7093332,0.48436585,2.2842183,0.0,1.855379,0.24710877,0.36312285,2.0871623,1.3969177,1.6835802,3.7277899,1.0784378,0.0,2.0454636,3.5188239,0.003553453,2.3519833,0.0,0.0,0.97320247,2.8675823,0.10128124,0.0,2.1902418,0.0,2.3851273,0.0,0.0,0.4178189,2.034967,3.2132049,0.035602096,1.551678,3.417651,0.0,0.0,2.6829975,2.2456942,0.0,1.9547874,1.8576622,0.0,0.0,0.0,3.7672043,3.127315,0.0,1.2295668,1.6792649,0.15052173,0.8602549,0.286766,1.389297,0.40892878,0.23925652,1.006796,1.0116078,1.5873532,2.2019184,1.5107459,0.58313936,0.0,0.9327352,1.2638336,1.3694822,0.23540641,0.0,2.419853,2.4263275,0.0,2.587634,2.932286,3.6763697,1.9082707,0.17515336,0.0,0.59080505,0.0,3.3209832,0.095419146,2.7497134,0.0,3.7096875,1.7341261,0.4137747,2.6608083,3.1533947,0.13735433,0.0,0.68503565,3.346782,0.58464926,0.0,0.0,0.94077146,0.19164349,1.887556,1.4437611,2.053101,1.8097167,0.17182511,0.0,0.0,0.0,1.9089761,2.2659843,2.793488,0.08607732,3.0237508,0.66615236,1.4847645,0.0,3.155959,2.041186,0.98347837,0.39575636,2.1710773,2.9273963,0.0,1.4479325,2.6034822,0.0,2.1881952,3.2049818,0.0536215,0.14831257,0.726297,2.092229,0.0,2.3904028,1.2452272,0.0,1.2761214,0.0,2.4089334,1.4067489,2.15374,1.0919046,0.0,0.039062575,2.8397844,0.15072827,0.0,3.6623833,2.7252042,2.3743906,0.0,2.6484725,0.78169143,0.0,0.0,0.5849697,2.3183389,0.63564825,0.37149465,0.7297953,1.5664939,0.54800916,1.3572104,0.0,0.73052627,1.016534,0.0,0.0,2.3810163,1.1957251,2.249195,1.8505033,0.0,0.65939057,0.0,1.7612164,3.9975235,0.0,2.737744,0.0,1.4494269,0.27203545,0.82866997,0.5152543,0.0,1.0756868,2.2216384,2.33002,1.519142,0.72010326,1.1240727,0.0,0.21114069,1.1749552,0.683057,3.3462522,2.4825873,0.0,0.9430258,2.5069888
Otha,0.04837517,2.9801574,0.0,0.0,0.069404565,0.0,0.0,0.505913,1.7045316,1.3098023,1.3378696,1.2651951,2.6965675,1.0402466,0.0,1.1196623,0.7651775,2.08062,0.8114783,0.0,5.6654167,0.0,1.8941318,3.3039987,2.761428,3.4733927,1.8144708,0.0,2.871965,3.010868,0.0,0.93055665,0.28919917,2.2078772,0.0,0.0,3.277867,1.9516549,4.7059093,1.2809002,0.0,2.0595412,1.5833806,2.640953,0.90260863,1.0779717,0.858032,0.0,3.1630034,0.0,1.2462678,2.070701,0.0,0.6253828,0.25052714,0.0,0.15931484,2.4067438,1.4162401,0.9792217,1.8798559,0.0,1.4046845,1.5746081,1.0219127,0.06778221,3.3612096,2.049238,0.0,1.1337805,0.501728,2.8204844,3.2831144,1.7090216,0.3674175,4.4269905,1.9281331,1.1558607,0.81073797,5.5262346,2.529887,0.0,0.15138221,0.0,0.0,2.7165477,0.0,1.5627899,2.3385682,0.0,1.3806484,0.73464406,1.7461135,0.31866267,1.1127375,1.3972503,0.26815844,2.5498621,0.6683192,0.047874365,0.6859924,0.0,0.8482416,0.5245585,0.0,3.3109436,4.246015,1.4511211,2.0673654,0.0133692995,0.089454934,0.7502837,1.0484546,1.5368688,0.48889428,1.3119135,1.0701885,0.46374673,0.9458828,2.8238,0.0,1.5757413,2.374322,2.035037,0.0,1.74886,0.0,0.0,1.8380386,0.0,0.0,0.009360224,0.0,0.0,2.47591,3.2402613,1.0151517,0.78072727,0.0,0.4712461,0.0,0.0,0.824756,0.815509,2.397896,1.8368062,4.6826673,0.79098105,1.0945569,2.1591754,1.8658397,1.1501945,0.0,0.0,2.8245196,1.0068165,0.82390755,2.815125,0.70378745,0.0,1.3919563,3.169836,0.18803416,0.96042764,0.0,0.60139865,0.11667064,1.099347,0.0,0.6311787,1.5395819,0.0,2.3494945,1.4771708,1.3876128,1.711428,0.2525918,1.4171028,3.3050323,0.0,0.0,2.2122197,0.9358069,1.1932323,0.0,0.0,2.3704026,1.0985956,1.8793191,0.96790916,0.45225638,0.0,1.8468791,0.27045026,0.28051832,0.0,1.0980996,0.0,1.37447,0.9033479,3.351586,0.0,2.2402852,0.0,0.0,2.0821881,0.38383284,2.360737,0.19191326,0.3465469,2.0135446,0.73364407,2.1502292,0.0,1.3380122,1.0874907,0.0,2.7785738,0.9414548,2.3526125,1.8177469,0.6700188,2.6398542,3.2870176,2.4441094,1.9225249,0.17403506,0.0014806315,0.0,1.1115218,1.9087958,2.1418943,0.0,0.36756432,0.0,2.1452258,4.309702,2.6897523,3.2139864,0.36124367,2.244911,2.5211287,0.08491483,0.7635153,2.6157753,3.4575968,2.3884132,3.6951501,4.1881895,1.1330552,1.3693457,2.804462,1.004706,0.60490155,2.5702188,0.50606954,0.64256793,2.6207025,1.1679419,2.6658654,1.4425856,1.046798,0.2827957,2.2897587,0.5188208,0.049737394,0.4212221,0.7621613,0.0,0.40665787,2.764231,0.8911723,0.19720615,0.0,0.0,1.9721256,0.0,0.85237134,0.7120771,1.4726037,0.9118187,0.51065636,2.487587,0.0,0.99143183,1.2194988,0.7330937,0.0,0.54477376,0.60800225,0.0,1.3807625,3.111415,0.0,3.1822505,3.1558237,0.35985774,1.6247816,0.46824583,1.7505739,0.35759014,2.5906727,0.06519005,0.0,1.5480738,0.41455814,1.2246865,0.93704236,1.5179579,0.21125586,0.30486858,2.0817268,1.4142424,1.1659286,2.3190093,2.2348495,0.0,0.98077214,2.6420696,0.0,1.788513,0.0,0.0,1.5453415,3.641037,0.0,0.0,2.1008205,0.0,2.7675486,0.28621155,0.0,1.6364628,3.0781493,2.848796,0.68892145,0.6728529,3.5473578,0.0,0.0,2.8302019,2.564852,0.0,1.4604449,1.0509852,0.8042401,0.0,0.0,1.5100403,3.2379293,1.218455,0.0,1.4492182,1.1735632,0.56350833,1.1864414,2.3240683,0.3253993,1.1208618,0.0,0.0,1.9499854,3.8878653,0.8737971,1.029912,0.0,1.1697913,2.1689198,1.1441526,0.10254951,1.3022128,1.671688,2.8325953,0.0,2.0886621,1.8561442,4.3811455,1.8909906,2.155882,0.0,0.0,0.0,3.4631026,0.0,1.4062129,0.0,2.7797017,2.7083554,0.95914364,2.1285665,2.6902177,0.0,0.0,0.28470463,2.8454444,1.5507703,0.0,0.0,0.35720888,0.89924276,1.2483134,1.0964609,3.3323667,2.4554849,1.6206654,0.0,0.52068794,0.0,1.8277221,0.6693808,2.9229114,0.22998838,2.9996262,1.2853386,1.5925308,2.01869,3.5175705,1.9046788,2.1681628,0.0,1.2839962,1.566631,0.0,1.132691,1.9892377,0.0,0.58697426,4.5956006,0.0,0.19241148,1.1208174,2.2989569,0.1337636,2.7763512,0.0,0.0,0.835262,0.0,2.4546802,0.91602325,2.4874456,0.26514614,0.764706,0.0,2.0498352,0.0,0.0,2.1133804,3.714783,2.1646707,0.0,2.8722708,0.70043534,0.0,0.51302624,0.8056425,0.33699092,0.94453275,0.57218975,1.5528916,2.367762,0.5631142,1.3372579,1.5565649,1.7890544,2.0749626,0.21070372,0.0,1.7159345,0.0,3.1377254,1.9085265,0.0,1.0774337,0.0,2.2625144,3.7566633,0.0,1.2263571,0.0,1.3006698,0.52683926,1.7791318,2.113105,0.0,1.5809348,0.9646767,3.3203075,1.9844903,0.52226007,1.0828458,0.0,1.3133411,0.31756788,0.0,0.9818395,2.1658616,0.0,1.8178383,2.1774411
mPFtha,0.0,3.4986129,0.0,0.0,0.0,0.080389574,0.0,2.1127977,2.1462827,1.0566998,0.732923,1.709279,3.1624417,3.0593145,0.0,0.0,0.936339,1.8538829,0.0,0.0,3.0917726,1.2746103,0.24741179,0.4907877,3.1189451,2.8959677,1.022331,0.0,2.1346219,2.6226163,0.5183198,0.70650375,0.9229063,0.16409934,1.0309752,0.0,0.9877904,0.4235856,1.3206179,1.3282703,0.8535875,1.2158406,1.6490283,1.5683135,1.431238,0.9982863,0.5485033,0.0,1.0522025,0.0,2.2214696,1.2728608,0.7025071,2.4313335,0.0,0.118512094,2.3395205,2.8357418,3.017725,2.0205958,2.6806252,0.0,0.28423923,4.116633,0.9823419,0.22607176,1.0188955,3.1371374,0.0,0.0,1.0305766,0.61436456,0.76020914,0.9557211,0.0,1.1327182,1.3157024,1.0939378,1.5468427,2.0073366,1.2840749,0.0,2.1061828,0.0,0.0,1.0020254,0.0,0.5862554,0.6375455,0.03613713,0.4652661,1.1553228,0.21001992,0.0,1.089366,2.7248404,2.008151,1.2560328,0.8716848,0.0,0.0,0.0,2.992478,0.755668,0.0,1.7650788,2.7459211,1.3241688,3.5118225,0.06397114,0.0,1.2797639,1.6822141,1.9341917,0.7088708,1.5984192,1.3951917,0.9244933,0.7041779,2.02394,0.0,0.17670318,0.085425004,2.734095,1.4932276,2.0791032,1.654748,0.0,0.8676688,0.0,0.39704373,0.18789598,0.15915908,0.0,1.7970958,1.83476,0.0,0.0,0.38012242,2.0570984,1.1956629,0.0,0.49004877,0.263034,1.1897466,0.82017237,2.7348878,1.9135288,0.05765414,4.5983357,1.9017993,0.14906603,1.256565,0.0,3.5083115,2.7373226,0.0,0.2936655,1.508939,0.0,1.1356981,2.023188,1.1709353,1.9635823,0.0,0.0,1.5430673,0.0,0.0,0.9175138,0.30191863,1.0264242,1.8824277,0.8745277,0.54021907,0.97134006,3.1489968,0.19858098,2.7509847,0.2558041,0.0,0.6226213,1.5810124,0.72119564,1.2337809,1.2427689,1.6461116,0.45342302,0.23343036,2.2675748,1.5268154,0.0,1.7859918,0.74948406,0.8816626,0.336385,2.592239,0.0,2.0686479,0.2548992,3.8199058,0.0,0.004853897,0.0,0.0,0.0,0.0,0.8090114,1.1347022,1.137876,0.006446412,0.10501539,0.82143706,0.41641435,1.3174278,1.1367162,0.0,0.9303645,2.7435613,0.49946907,0.8433751,0.0,2.537997,2.36273,0.0,2.85018,2.256871,0.0,0.0,2.3109367,2.1371293,2.1268172,0.0,0.44203904,0.0,0.0,3.2245274,2.102582,3.6273825,2.1639445,0.7954672,0.0,1.7209526,0.75748146,0.84384644,3.5297782,1.5202379,2.1023486,1.276915,1.0319165,0.7679448,1.3986864,0.7482132,1.0037298,3.0250607,0.6234862,0.8521977,2.0015297,3.0033062,0.45973468,1.4930311,1.5400797,0.44447675,0.2819719,1.1370668,0.4456234,1.1921102,1.5173153,2.0923018,2.074843,0.5739227,2.9505253,2.071019,0.70542264,1.6719577,1.6865678,0.0,0.9607639,0.6639937,0.0,2.268409,2.2529304,0.99102664,0.0,1.3578252,2.4621592,2.0249054,0.9533362,2.0696242,2.124038,0.0,0.15905698,0.94485486,0.0,0.0,3.1337962,0.0,0.07175095,1.9076313,1.3003074,0.92334604,2.0557835,0.0,1.292594,2.3503613,2.7204897,1.142129,0.6778859,2.8509848,0.013379205,1.2596782,1.8119051,0.7364714,1.4812047,1.8413315,2.4146202,0.0,0.37676504,1.9919972,0.8304023,0.15801209,0.0,0.0,1.700377,2.704502,0.0,0.2816064,2.6643867,0.0,0.29914346,0.7239051,1.867332,0.75293195,3.1026304,3.1086154,1.5689086,2.0909367,2.993088,0.0,0.0,0.25354984,2.0798714,0.0,0.0,0.13464394,1.8626783,1.9382875,0.0,2.014968,1.1739296,2.7917452,1.1183746,0.70997655,2.5736318,1.7468848,2.4525337,1.5863433,1.6886821,1.4100666,0.0,0.20484535,2.284671,3.3865092,0.39946505,1.4315728,0.39093155,0.5001222,0.22924305,2.1627939,0.33258912,1.3205781,1.2206181,1.125802,1.950085,0.9575337,2.0290792,4.731445,1.8676251,1.3073065,0.0,0.0,0.0,2.4127007,0.3369806,0.24431072,0.0,0.8733897,1.3740187,2.3613906,1.6404281,0.0,1.9138005,0.0,1.278238,1.502184,1.191953,0.0,0.0,0.0,0.5192161,0.0,1.7404426,3.4686742,1.7012752,0.6203875,0.0,0.26942968,0.0,0.30810663,0.8186653,2.031027,0.14235611,2.5480409,0.0,0.21271388,2.0536718,2.6299956,1.788135,0.0,0.057616685,2.0855424,0.18178469,0.0,1.2447717,0.77919066,0.0,2.9301713,1.816515,0.10519442,1.7830157,0.6792587,1.6056815,0.0,2.1069949,0.76774734,0.052950703,2.0376785,0.0,0.4505306,3.2835283,1.3368567,0.0,0.6685523,0.0,0.16397892,0.36169308,0.0,3.3468397,3.300636,1.5062776,0.0,0.0,0.63128936,0.0,0.7780692,1.1766504,0.0,0.0,1.5558162,1.4939413,1.4238458,1.6403022,3.3586845,2.0131373,1.7841439,1.7177205,0.0,0.50186723,1.3180014,0.46368662,0.7683287,3.288319,0.58276415,0.98248076,0.0,1.6288325,1.9787538,0.0,0.49489555,0.0,2.4321032,0.47327003,0.9876257,1.8330859,0.0,1.282671,1.3071244,4.689337,1.5979041,0.24272576,2.3113854,0.0,3.1751637,0.52361184,0.204745,1.8623762,3.1619349,0.48358646,0.824163,1.8164473
lPFtha,0.0,3.4301505,0.0,0.0,0.96396214,0.48458582,0.0,0.5132171,0.48030394,1.0233595,0.30249214,3.1436546,4.0425715,3.8678703,0.0,0.31993017,2.734808,1.6710222,0.52033323,0.0,3.1323981,1.2464995,0.0,0.37597483,2.7364583,1.2302624,1.2810156,0.0,0.9032649,3.0035512,1.0444936,1.5417912,1.2804278,0.06702923,0.55701894,0.0,2.0218608,2.496568,1.7660606,0.46855944,1.5687487,0.2562261,1.108299,1.7046908,1.8031403,0.08075154,0.0,0.0,1.2973418,0.0,1.7527705,2.1102762,0.72135633,2.2949805,0.21443135,0.4439106,2.8920615,0.4124874,2.1006386,0.10699538,1.8767747,0.0,1.5040164,3.4681773,1.070512,0.0,2.1369238,2.6483603,0.0,0.0,1.6692196,1.4204487,1.8715659,1.2080973,0.0,1.1731755,0.77284527,2.618858,0.5027584,2.801601,2.889137,0.0,3.1559403,0.0,0.0,1.6802323,0.0,2.4649224,0.0,0.12790567,0.72426605,2.2118628,2.3939545,1.0463681,0.9936496,1.5544118,0.55234706,1.3364022,1.264002,0.0,0.12070204,0.0,2.664009,1.8997074,0.0,2.1204863,2.0751655,1.4370282,2.4629292,1.1303549,0.0,1.8217639,1.0829298,2.7113945,1.4529821,0.0,3.081093,2.5022826,0.16040988,0.2697444,0.0,0.77472526,0.9605103,3.125161,2.3990428,3.0149057,1.2386273,0.25817037,0.01456666,0.0,0.0,1.1612462,0.0,0.0,0.27033934,2.6138122,2.1629486,0.0,0.8462476,2.2314398,0.748999,0.0,0.6794324,0.5013034,2.7775247,3.0997405,1.7633958,0.20641023,0.12524104,3.599279,0.0,0.4929098,0.001881523,0.0,3.0531611,2.5318906,0.15225595,0.2297197,1.7688437,0.0,0.27380973,0.7190947,1.1833438,3.48806,0.0,0.0,0.38207194,0.0,0.0,0.51352245,2.04575,1.4937236,2.1006272,1.7046458,0.0,1.2893947,2.8864274,0.22809926,4.059586,0.013576211,0.0,1.1645725,0.48196426,1.4542211,1.1282899,2.755512,2.0419102,1.1332918,0.0,2.9990625,2.3632252,0.0,1.6978658,1.0770923,1.303243,2.1639733,1.7804492,0.0,1.6224072,0.923389,3.4957461,0.0,0.5081282,0.516469,0.0,0.09477088,0.31309953,1.6284152,1.6698223,0.42852813,0.21598545,0.0,0.25635028,0.0,0.6812615,1.2256111,0.0,2.4105866,1.7893426,2.2128556,1.4115465,0.041224267,3.1184843,2.533172,0.0,2.9215493,0.9951986,1.043079,0.0,1.6408002,1.3661071,1.2430395,0.0,0.6038151,0.0,0.0,1.7421026,2.7353237,2.72435,0.9865086,0.45199117,0.33795944,1.8836534,1.6402657,0.9820603,3.9834201,0.52230686,2.3183167,0.882957,2.9621975,1.4545192,0.8951667,1.1959696,0.28614342,2.0949676,1.6660292,1.7574404,2.6225872,3.1074326,1.1982508,0.64405185,0.26785058,0.6215236,0.69980544,1.6954825,2.2048728,1.1826584,1.5586386,2.5876205,0.7835027,1.224668,3.5133495,1.2647928,1.3379836,1.6065418,1.4055232,0.0,0.0,2.628582,0.24300839,3.04661,2.2782683,1.2359138,0.6824321,3.698486,1.8653022,1.6436473,1.426244,1.5918062,1.4167186,0.0,1.7045571,0.76366425,0.0,0.34389338,2.622904,0.0,1.5367271,1.1027726,2.5858374,0.40810084,2.6310546,0.0,0.0,2.9674487,1.9441057,2.862963,0.5166887,0.9975987,0.70789707,2.0602076,1.7417933,2.5825453,1.9112995,2.394651,1.4459578,0.0,0.6246068,3.800252,1.3046275,0.55442554,0.0,0.0,1.4797777,2.1901598,0.0,0.025815958,3.859048,0.0,1.467412,0.29379767,1.4777294,0.27496582,1.7615318,3.2031837,0.7381381,0.96719706,2.8522232,0.0,0.0,0.50417745,2.4961922,0.0,0.0,1.0236547,1.3300235,0.5532441,0.0,2.944072,2.085575,1.2109138,2.5617855,0.734673,1.9468772,1.9250854,1.4876162,0.7630033,1.5483316,1.74573,0.0,1.9558873,2.7608974,2.1253164,1.8082932,0.28250194,1.0431039,1.6540565,2.0428426,3.9601529,0.7321271,0.0,1.9876772,0.80387586,0.6402233,1.9542557,2.344935,4.0286956,1.4928974,0.33473143,0.0,0.61956716,0.0,1.9066405,0.256008,1.8495717,0.0,1.9583107,0.53434265,1.337255,3.2418418,1.0807085,1.3618988,0.0,0.88886005,2.617734,0.08856383,0.062486973,0.0,0.0,0.12536925,0.0,2.1277092,2.778059,2.8033519,0.0,0.0,0.0,0.0,0.6626292,1.4954174,1.5775429,0.0,2.1123908,0.0,1.8124555,1.8392875,3.5996854,2.0962305,0.0,0.022779722,3.7392056,2.9549937,0.0,0.32541692,0.9670418,0.0,2.6454194,1.304357,0.44916815,1.8955778,0.78846496,3.2393057,0.0,1.6297657,2.3830392,0.0,2.3160198,0.0,2.2991254,2.7162726,0.4401784,0.48524565,0.0,0.0,0.83657944,0.37118226,0.0,5.169176,2.874594,1.0743189,0.0,0.6298823,0.024461549,0.0,0.09081477,0.17328277,0.8284902,0.27720028,0.8778321,1.5590923,1.3988734,0.52072394,2.0813882,1.5022281,1.7212813,1.0781167,0.0,0.5965172,2.8280993,0.9843398,1.4274335,2.917405,1.2397811,1.9791869,0.0,0.9342008,3.8421302,0.0,1.9817866,0.0,1.9150715,0.0,0.0,0.3961995,0.0,0.6633447,1.4158401,2.5296388,0.4835348,0.34548447,2.2421508,0.0,3.1987357,1.8502228,1.4239532,3.0509589,3.049892,0.0,0.4414872,1.2287147
rTtha,0.0,1.86595,0.0,0.10138114,0.0,0.0,0.115589246,1.1676717,1.2602907,1.2087741,0.0,0.0,0.22701478,0.90474266,0.0,0.0,0.0,0.52775276,0.0,0.0,1.8245795,1.4995663,1.5500546,0.42934537,1.8028679,1.8138396,0.8525961,0.0,1.2544812,1.115904,0.64629495,0.84814787,0.0,0.43035573,1.801324,0.0,0.59770757,0.0,0.75631046,2.1508167,0.0,2.2234716,1.099851,0.08941038,1.3575388,0.92877215,0.0,0.0,0.8168094,0.65841705,0.93563104,0.0,1.502277,1.0880821,0.0,0.0,1.0830178,2.925821,1.9156919,2.23379,2.3092606,0.0,0.0,2.244461,0.9135655,0.24347423,0.74408484,1.7922823,0.0,0.0,0.0,0.0,0.07676209,0.0,1.0129385,1.0036929,0.5992763,1.0063884,0.93362164,0.0,1.1119885,0.0,1.5225736,0.0,0.52193755,0.11523417,0.0,0.36041492,0.64799345,0.0,0.5166763,0.19474211,0.0,0.4081731,1.4725813,2.8812015,0.8849006,0.0,0.89715874,0.0,0.0,0.0,1.5290934,1.6624767,0.0,1.6494951,1.9059857,0.0,3.1020064,0.59294826,0.0,1.0982976,1.8101406,1.0046322,0.09575273,1.1923618,1.0204531,0.104855224,1.7723485,1.0478649,0.0,0.0,0.0,2.576301,2.0070148,0.9020413,1.2415621,0.0,2.1072657,0.0,1.1860247,0.0,0.53009737,0.0,2.3710275,0.9191445,0.0,0.251482,0.69640946,1.0931928,1.9503345,0.0,0.44086123,0.8280229,0.44338652,0.0,2.4537265,1.4140438,0.0,3.3040707,2.153911,0.0,1.618645,0.3274162,1.8012867,1.4205947,0.0,0.32261917,0.6805746,0.0,1.1200485,1.1000714,1.5202253,0.72085536,0.26217684,0.0,0.5509652,0.0,0.0,1.6964598,0.0,0.38042182,1.9741939,0.3111876,1.8230872,0.87569237,1.8354101,0.39320824,1.1008343,0.3316509,0.0,0.03243637,1.6339027,0.6647278,0.02088485,0.0,0.0,0.0,0.2296524,1.6162686,0.0,0.0,0.8063072,1.1555495,1.4889157,0.0,1.336248,0.0,0.4398759,0.0,2.9175231,0.012535593,0.0,0.0,0.0,0.0,0.0,0.15479803,0.9255872,1.7811384,0.0,0.2562373,0.106795356,0.49917772,2.2690077,0.25395375,0.14639027,0.50816953,2.1159153,0.0,1.5958678,0.0,0.8971595,1.1686869,0.7429253,2.5775774,1.9559155,0.0,0.0,1.9524553,1.380981,1.8009086,0.0,0.0,0.0,1.5828899,2.5146666,0.64067835,2.2810333,2.2690482,1.479386,0.0,0.68184596,0.6526536,0.34625733,1.2784334,2.0365908,0.29846892,0.73151624,0.011474779,0.0,2.3149724,1.0746212,0.28795683,2.0025432,0.19961387,0.05451587,0.47756064,1.0496408,0.0,0.5443616,0.31172413,0.49067786,0.0,0.18814132,0.288759,0.5010885,1.4540994,0.8210877,0.90869623,0.0,2.0677512,1.521887,0.3091166,0.96536213,0.014487527,0.0,0.77871555,0.17716312,0.0,1.9306941,2.5823271,0.3541108,0.0,0.0,1.117361,1.8802842,1.4663134,1.8838469,1.5655079,0.0,0.0,0.0,0.0,0.0,1.7527192,0.10228543,0.0,1.1252989,0.0,0.75987434,0.799052,0.0,2.7835343,1.4903971,2.2475097,0.21756466,0.64904046,1.961216,0.9586939,0.9206435,0.08903724,0.34126717,0.7038321,0.0,1.8869495,0.0,0.0,0.0,0.49206808,0.55078876,0.18146648,0.0,0.73576844,1.7132298,0.0,1.5950906,0.28268492,0.0,0.0,0.38474557,2.3078885,0.84563124,2.039639,0.88656116,0.34988362,0.72575283,0.22169548,0.0,0.0,0.57293,1.0582994,0.0,0.0,0.0,2.12045,0.7271332,0.0,0.0,0.0,1.9511961,0.0,0.5739374,2.351509,0.3405159,2.0283475,1.5089185,2.4672554,1.5209475,0.0,0.0,0.42094272,1.9822978,0.0,1.8290364,0.5980361,0.23172022,0.8612597,0.7262286,1.1946523,2.19062,0.9341867,0.50688046,1.7667913,0.9829248,0.53528816,2.4614117,0.86263806,2.2763777,0.0,0.0,0.0,0.91109854,1.0221205,0.0,0.0,0.0,1.384396,1.706312,0.0,0.0,1.4268179,0.0,0.254176,0.22945037,2.2686412,0.0,0.5508073,0.16399926,1.2588513,0.0,0.00881142,2.0815942,0.5719992,0.9974708,0.0,0.27355736,0.6780687,0.262306,0.5119039,0.53741544,0.35346496,2.181226,0.0,0.0,2.2230856,0.6941645,0.52146405,0.0,0.38617444,1.0128816,0.0,0.0,1.6086954,0.0,0.12550755,0.2666731,1.6044223,0.0,2.1873007,0.0,0.24423712,0.0,0.57005775,0.0,0.10923875,0.95900697,0.0,0.0,1.8577586,1.5606923,0.0,0.31394556,0.0,0.0,0.35507,0.0,0.50778127,2.4993021,0.3804133,0.0,0.0,1.0564495,0.0,2.0075586,1.0213307,0.0,0.07834013,0.53498274,0.36867002,0.6704627,0.96319354,1.4602087,0.91128683,1.350158,0.9240796,0.0,0.0,0.0,0.5997225,0.0,1.8566052,1.1047393,0.686537,0.0,1.4553406,0.7112458,0.27386183,0.0,0.528539,1.8570197,2.3610458,0.3155001,2.9403613,0.0,1.5453982,0.0,3.6307049,0.8691206,0.0,1.1264418,0.0,2.9531054,0.0,0.0,0.2030215,1.3885974,1.3359838,1.6376122,1.3344526
cTtha,0.0,2.1738682,0.0,0.0,0.0,0.0,0.10505836,0.90211767,1.0521892,0.0,0.24217641,0.6312955,0.0,0.40952122,0.0,0.0,1.5704119,0.8465904,0.52570254,0.0,3.1850176,0.0,1.7409244,2.4185162,2.2744553,1.3017801,1.0701767,0.0,1.7457505,1.8165026,0.0,0.7259066,0.0,1.6581951,1.1754072,0.0,1.3546503,1.2359687,2.5402956,0.7319574,0.0,1.3227574,1.495027,1.663476,0.0,1.332078,1.2141662,0.0,2.3477464,0.0,1.8135769,0.739379,0.035336785,0.8403606,0.16092902,0.0,0.96410906,1.2848768,2.2917228,1.5888476,0.71344405,0.0,1.2870876,0.97431153,1.0846444,0.0,1.6362703,1.2055748,0.0,0.68043643,0.34810275,0.45132744,1.8790525,0.3331182,1.71148,1.7099955,0.0,1.9292582,0.94647944,3.1533396,0.65152586,0.0,0.0,0.0,0.0,1.4603868,0.0,1.1810443,1.4814092,0.0,0.39837867,0.19098169,0.70311433,0.08592488,0.97344494,1.4794779,0.28764564,0.7993928,0.7640595,0.0,1.8308488,0.0724355,0.48482698,0.517075,0.0,1.9717219,3.0527222,0.89367115,0.8262867,0.0,0.0,0.67262936,1.6454718,0.36610514,1.1803685,1.1755943,1.2424849,0.0,0.99049574,1.152739,0.0,1.4913876,0.8094949,0.35078305,0.22023746,0.860811,0.09955338,0.0,2.2451146,0.2174156,0.0,0.0,0.6205869,0.0,2.3465517,1.5399595,0.0,1.5944152,0.0,0.8326709,0.0,0.0,1.1391156,1.0413101,2.1946635,0.0,3.6034262,0.16420567,1.443482,0.54515874,1.6124408,0.7665734,0.0,0.0,2.022488,0.5079039,0.63716835,2.2267241,0.0,0.0,0.83459353,1.9284906,1.3973364,0.96581554,0.0,0.8044974,0.36256135,0.91428643,0.0,1.590401,1.4412047,0.0,1.3482254,0.23354699,1.0097407,0.1093592,0.63167715,1.7551672,1.9531351,0.0,0.0,0.6685811,1.1781942,0.045459315,0.0,0.0,1.4090694,0.44630402,1.575248,0.0,0.5092357,0.0,0.94471204,1.6515584,0.7792195,0.11800986,0.5754808,0.0,0.7756797,1.2242484,2.224412,0.0,1.9118378,0.0,0.0,1.7864827,0.5018963,2.6812747,0.43517888,0.3560566,0.47793087,0.4209681,0.56560594,0.0,1.3004732,1.0644314,0.0,1.281011,0.510231,1.4632161,1.619669,1.3154529,1.5115569,2.5812998,0.73844904,2.3681924,0.22197448,0.0,0.10316155,0.0,1.4665245,2.8066995,0.0,0.78859425,0.0,0.9720441,2.4265556,1.7650622,1.3676558,0.40641114,2.3183944,1.0522524,1.6307982,1.0638487,0.21659373,2.115383,1.967912,1.5456386,2.0915926,0.94790167,2.2448874,2.2128358,0.8689525,0.59359556,1.4953674,0.49166352,0.89659446,1.7477949,0.7127605,0.6137059,0.16683221,1.0613309,0.0,1.4686606,0.1764918,0.0142142605,1.1159066,1.3313587,1.0908197,0.90998137,1.2493109,0.0,1.2948122,0.25967243,0.0,0.0,0.0,0.0,1.4363897,0.0,1.3048239,0.037568703,1.4443097,0.2721892,0.0,1.1311888,0.80161285,0.0,0.88577455,1.3194838,0.0,0.8785522,1.8317976,0.0,1.6830646,1.9625349,0.0,0.8198019,0.0,0.7654803,0.43025723,1.3741486,0.42813954,1.4063895,0.11295149,1.7406204,1.376682,0.0,1.9162667,0.107715264,0.0,1.5354345,0.1507681,1.5790381,1.0484896,2.0015888,0.0,0.9947705,0.43476212,0.20968384,2.0130818,0.0,0.0,0.41407487,2.7245796,0.046038367,0.0,0.0,0.0,1.330159,0.05604953,0.15877259,0.9197053,1.2265133,0.679799,0.19386163,1.0117925,1.1256009,0.0,0.0,1.9666466,2.4526227,0.0,0.21046086,0.0,1.134265,0.0,0.0,1.5485005,2.4174793,1.0722655,0.0,1.0125409,1.6633399,0.0,1.0198023,1.1949791,1.2958206,0.7111163,0.3781951,0.09415591,0.0,2.5892036,0.36294585,1.6298251,0.0,1.1551682,0.7414583,0.08495756,0.2334166,0.4323799,1.7797426,1.2972738,0.0,2.6695113,1.8954042,3.0720737,0.0,1.0321997,0.0,0.0,0.0,2.030243,0.0,2.333703,0.0,1.8387372,0.9202782,1.7371988,1.1263027,1.8391095,1.2097279,0.0,0.0,0.7201552,1.7364074,0.0,0.0,0.89316,1.1311554,0.7274529,0.3655367,2.3315756,1.3629401,0.65708244,0.0,0.0,0.0,1.1923409,1.4393682,1.1044409,0.19000985,2.0815182,0.6277965,0.6261914,0.65261275,2.1336012,1.3723292,0.98831755,0.0,0.7041332,0.0,0.0,0.84299845,0.29185835,0.0,0.8494999,3.3744154,0.0,0.018748553,0.0,1.0234777,0.68680763,1.2829249,0.0,0.0,0.33078477,0.0,0.63761073,1.0361102,1.082275,0.0,0.0,0.0,1.860407,0.0,0.0,1.3888485,2.6863847,2.2757957,0.0,1.9213437,1.950278,0.0,0.8121562,0.62608135,0.33570167,0.5183475,0.5189875,0.4786375,1.7950166,1.0665841,1.6115626,0.0,0.0,1.6909796,0.0,0.0,0.0,0.0,0.0,1.1921533,0.28574607,1.3469894,0.0,1.7057661,2.9686968,0.0,1.5781665,0.0,1.5623584,1.5063294,1.3195294,1.4559606,0.0,0.8609673,0.70014536,2.7060447,1.1467067,0.1313245,1.5525359,0.0,0.28552723,0.0,0.0,0.70882034,2.268744,0.0,1.6567277,1.9419124
